,上证综指,沪深300,中证红利,上证红利
2015-01-05,3350.519,3641.541,3582.306,2654.749
2015-01-06,3351.446,3641.059,3605.596,2664.34
2015-01-07,3373.954,3643.79,3596.046,2653.786
2015-01-08,3293.456,3559.259,3517.596,2583.045
2015-01-09,3285.412,3546.723,3499.416,2569.261
2015-01-12,3229.316,3513.576,3423.422,2510.338
2015-01-13,3235.301,3514.04,3451.444,2522.901
2015-01-14,3222.437,3502.423,3442.533,2516.875
2015-01-15,3336.455,3604.121,3532.47,2593.225
2015-01-16,3376.495,3635.146,3559.573,2610.983
2015-01-19,3116.351,3355.155,3294.75,2386.754
2015-01-20,3173.052,3396.222,3372.581,2434.014
2015-01-21,3323.611,3548.885,3493.485,2533.397
2015-01-22,3343.344,3567.613,3517.125,2536.682
2015-01-23,3351.764,3571.732,3502.09,2532.34
2015-01-26,3383.182,3607.985,3555.092,2557.61
2015-01-27,3352.96,3574.931,3550.807,2545.263
2015-01-28,3305.738,3525.323,3519.709,2522.398
2015-01-29,3262.305,3481.798,3497.688,2504.699
2015-01-30,3210.363,3434.39,3452.854,2472.614
2015-02-02,3128.3,3353.96,3373.148,2407.033
2015-02-03,3204.907,3437.445,3430.602,2449.722
2015-02-04,3174.126,3401.768,3406.78,2430.114
2015-02-05,3136.531,3366.946,3358.178,2387.316
2015-02-06,3075.907,3312.42,3280.883,2328.343
2015-02-09,3095.124,3345.921,3281.781,2329.142
2015-02-10,3141.593,3406.943,3342.439,2375.179
2015-02-11,3157.704,3434.124,3357.999,2383.347
2015-02-12,3173.416,3442.874,3365.303,2385.704
2015-02-13,3203.827,3469.828,3408.902,2412.806
2015-02-16,3222.363,3499.483,3435.294,2424.474
2015-02-17,3246.906,3522.322,3459.155,2446.949
2015-02-25,3228.843,3478.729,3449.994,2443.222
2015-02-26,3298.359,3566.295,3518.721,2503.119
2015-02-27,3310.303,3572.843,3522.465,2506.168
2015-03-02,3336.285,3601.265,3567.614,2536.029
2015-03-03,3263.052,3507.9,3514.876,2498.174
2015-03-04,3279.533,3530.822,3544.691,2506.384
2015-03-05,3248.476,3496.344,3520.051,2474.461
2015-03-06,3241.187,3478.52,3513.854,2475.888
2015-03-09,3302.408,3537.75,3581.555,2543.27
2015-03-10,3286.068,3520.611,3582.017,2532.615
2015-03-11,3290.9,3524.653,3593.485,2540.033
2015-03-12,3349.323,3592.844,3640.545,2593.013
2015-03-13,3372.911,3617.657,3669.452,2612.879
2015-03-16,3449.305,3705.671,3746.276,2662.864
2015-03-17,3502.847,3757.122,3804.431,2710.326
2015-03-18,3577.301,3846.055,3904.784,2791.353
2015-03-19,3582.271,3839.739,3926.79,2802.274
2015-03-20,3617.318,3892.574,3958.916,2828.424
2015-03-23,3687.728,3972.061,4040.16,2891.32
2015-03-24,3691.41,3973.046,4060.453,2917.952
2015-03-25,3660.727,3940.412,4050.846,2890.417
2015-03-26,3682.095,3949.999,4057.969,2885.045
2015-03-27,3691.096,3971.697,4095.962,2901.239
2015-03-30,3786.568,4088.178,4198.233,2977.691
2015-03-31,3747.899,4051.204,4167.372,2942.064
2015-04-01,3810.294,4123.895,4249.998,2997.002
2015-04-02,3825.784,4124.776,4326.28,3037.981
2015-04-03,3863.929,4170.538,4419.574,3091.731
2015-04-07,3961.378,4260.044,4556.684,3199.637
2015-04-08,3994.811,4295.803,4589.571,3247.02
2015-04-09,3957.534,4262.138,4553.795,3220.993
2015-04-10,4034.31,4344.416,4676.602,3301.661
2015-04-13,4121.715,4421.073,4779.299,3343.03
2015-04-14,4135.565,4438.184,4805.145,3362.052
2015-04-15,4084.163,4380.513,4687.281,3309.961
2015-04-16,4194.823,4513.546,4793.88,3405.441
2015-04-17,4287.296,4596.136,4842.848,3451.101
2015-04-20,4217.077,4521.919,4738.438,3369.362
2015-04-21,4293.623,4619.164,4832.083,3427.714
2015-04-22,4398.495,4739.814,4971.092,3525.848
2015-04-23,4414.508,4740.892,4990.335,3545.199
2015-04-24,4393.686,4702.641,4935.638,3481.522
2015-04-27,4527.396,4807.592,5014.771,3550.088
2015-04-28,4476.214,4741.861,4910.566,3487.284
2015-04-29,4476.62,4774.326,4948.894,3497.178
2015-04-30,4441.655,4749.886,4955.857,3480.952
2015-05-04,4480.464,4787.741,5038.727,3545.564
2015-05-05,4298.707,4596.837,4824.972,3380.099
2015-05-06,4229.266,4553.327,4723.29,3305.908
2015-05-07,4112.214,4470.089,4591.621,3191.951
2015-05-08,4205.917,4558.404,4712.642,3268.882
2015-05-11,4333.584,4690.532,4885.748,3378.844
2015-05-12,4401.219,4747.421,4963.807,3421.619
2015-05-13,4375.76,4718.436,4945.74,3404.695
2015-05-14,4378.312,4700.778,4958.943,3406.735
2015-05-15,4308.691,4617.47,4880.275,3353.245
2015-05-18,4283.491,4575.14,4881.529,3322.637
2015-05-19,4417.552,4731.222,5030.69,3424.914
2015-05-20,4446.288,4754.919,5099.421,3455.548
2015-05-21,4529.421,4840.976,5260.283,3538.376
2015-05-22,4657.596,4951.335,5385.919,3625.915
2015-05-25,4813.797,5099.495,5556.777,3748.77
2015-05-26,4910.897,5198.918,5680.533,3808.89
2015-05-27,4941.714,5181.434,5696.358,3808.984
2015-05-28,4620.266,4834.007,5355.662,3539.105
2015-05-29,4611.744,4840.829,5369.283,3534.853
2015-06-01,4828.738,5076.179,5674.199,3755.241
2015-06-02,4910.527,5161.87,5846.394,3841.025
2015-06-03,4909.978,5143.59,5863.527,3828.61
2015-06-04,4947.102,5181.416,5906.891,3886.231
2015-06-05,5023.096,5230.552,6018.419,3967.626
2015-06-08,5131.881,5353.751,6124.155,4057.669
2015-06-09,5113.534,5317.461,6085.037,4065.494
2015-06-10,5106.036,5309.112,6089.129,4050.159
2015-06-11,5121.592,5306.59,6113.091,4049.553
2015-06-12,5166.35,5335.115,6226.616,4144.664
2015-06-15,5062.993,5221.167,6149.733,4129.638
2015-06-16,4887.432,5064.821,5880.947,3967.714
2015-06-17,4967.898,5138.831,6030.065,4064.677
2015-06-18,4785.356,4930.549,5884.323,3974.977
2015-06-19,4478.364,4637.052,5478.305,3681.003
2015-06-23,4576.492,4786.091,5524.289,3715.854
2015-06-24,4690.15,4880.126,5674.466,3828.286
2015-06-25,4527.779,4706.516,5482.015,3691.081
2015-06-26,4192.874,4336.195,5056.831,3409.964
2015-06-29,4053.031,4191.549,4864.337,3321.825
2015-06-30,4277.222,4472.998,5118.203,3508.269
2015-07-01,4053.7,4253.021,4829.26,3290.28
2015-07-02,3912.767,4107.996,4579.486,3145.949
2015-07-03,3686.915,3885.917,4274.738,2926.256
2015-07-06,3775.912,3998.537,4330.588,3016.299
2015-07-07,3727.125,3928.002,4179.854,2965.798
2015-07-08,3507.192,3663.038,3971.306,2780.363
2015-07-09,3709.33,3897.626,4232.975,2971.281
2015-07-10,3877.803,4106.556,4482.914,3140.298
2015-07-13,3970.388,4211.812,4679.814,3237.697
2015-07-14,3924.487,4112.149,4631.633,3175.805
2015-07-15,3805.703,3966.759,4408.947,3050.238
2015-07-16,3823.176,3997.355,4441.683,3068.583
2015-07-17,3957.352,4151.496,4623.906,3171.61
2015-07-20,3992.11,4160.612,4646.224,3179.553
2015-07-21,4017.675,4166.006,4692.005,3207.759
2015-07-22,4026.045,4157.16,4710.574,3197.928
2015-07-23,4123.923,4250.805,4817.911,3258.373
2015-07-24,4070.908,4176.279,4725.451,3200.565
2015-07-27,3725.558,3818.731,4331.509,2930.932
2015-07-28,3663.002,3811.093,4281.75,2920.299
2015-07-29,3789.168,3930.379,4466.385,3031.869
2015-07-30,3705.766,3815.412,4346.517,2974.001
2015-07-31,3663.726,3816.699,4346.63,2973.789
2015-08-03,3622.905,3829.235,4374.042,3021.008
2015-08-04,3756.545,3948.156,4534.82,3108.475
2015-08-05,3694.573,3866.9,4485.827,3040.379
2015-08-06,3661.539,3831.852,4456.464,3014.932
2015-08-07,3744.205,3906.945,4556.832,3066.576
2015-08-10,3928.415,4084.365,4767.977,3199.792
2015-08-11,3927.908,4066.669,4781.974,3191.242
2015-08-12,3886.32,4016.126,4710.595,3126.621
2015-08-13,3954.556,4075.463,4826.281,3180.138
2015-08-14,3965.335,4073.54,4811.524,3170.75
2015-08-17,3993.668,4077.872,4882.902,3216.244
2015-08-18,3748.164,3825.412,4527.854,2997.518
2015-08-19,3794.109,3886.136,4601.635,3058.569
2015-08-20,3664.291,3761.454,4438.655,2950.332
2015-08-21,3507.744,3589.536,4199.154,2799.524
2015-08-24,3209.905,3275.534,3836.111,2541.49
2015-08-25,2964.967,3042.927,3520.751,2333.928
2015-08-26,2927.288,3025.692,3476.709,2332.48
2015-08-27,3083.591,3205.637,3649.974,2479.565
2015-08-28,3232.35,3342.286,3851.774,2600.034
2015-08-31,3205.986,3366.536,3784.07,2591.565
2015-09-01,3166.624,3362.083,3680.818,2579.797
2015-09-02,3160.167,3365.832,3685.147,2607.991
2015-09-07,3080.42,3250.485,3608.919,2522.429
2015-09-08,3170.452,3334.023,3731.149,2595.725
2015-09-09,3243.089,3399.305,3818.834,2643.624
2015-09-10,3197.893,3357.561,3758.217,2595.155
2015-09-11,3200.234,3347.188,3767.508,2586.654
2015-09-14,3114.798,3281.132,3603.188,2513.938
2015-09-15,3005.172,3152.232,3432.072,2415.867
2015-09-16,3152.263,3309.248,3641.679,2538.299
2015-09-17,3086.061,3236.999,3556.737,2475.456
2015-09-18,3097.917,3251.273,3588.558,2484.038
2015-09-21,3156.54,3308.247,3668.085,2519.958
2015-09-22,3185.619,3339.03,3695.389,2537.768
2015-09-23,3115.888,3263.028,3625.717,2468.596
2015-09-24,3142.687,3284.999,3663.573,2491.655
2015-09-25,3092.347,3231.951,3595.044,2455.784
2015-09-28,3100.756,3242.752,3638.052,2467.194
2015-09-29,3038.137,3178.854,3575.997,2415.001
2015-09-30,3052.781,3202.948,3591.527,2436.161
2015-10-08,3143.357,3296.482,3708.493,2501.806
2015-10-09,3183.152,3340.116,3742.892,2530.775
2015-10-12,3287.662,3447.693,3882.209,2616.501
2015-10-13,3293.23,3445.043,3896.913,2617.928
2015-10-14,3262.441,3406.112,3830.143,2581.364
2015-10-15,3338.073,3486.815,3939.184,2645.434
2015-10-16,3391.352,3534.065,4008.526,2685.258
2015-10-19,3386.7,3534.182,4042.381,2696.632
2015-10-20,3425.33,3577.703,4086.98,2712.117
2015-10-21,3320.676,3473.254,3891.042,2635.475
2015-10-22,3368.739,3524.534,3969.129,2669.401
2015-10-23,3412.434,3571.241,4047.31,2708.027
2015-10-26,3429.581,3589.261,4074.162,2720.345
2015-10-27,3434.336,3592.879,4088.056,2721.186
2015-10-28,3375.196,3524.92,4020.222,2695.274
2015-10-29,3387.315,3533.306,4035.468,2702.758
2015-10-30,3382.561,3534.079,4016.334,2690.456
2015-11-02,3325.085,3475.962,3942.018,2646.8
2015-11-03,3316.695,3465.493,3923.939,2631.012
2015-11-04,3459.64,3628.538,4101.781,2733.605
2015-11-05,3522.819,3705.97,4165.039,2792.194
2015-11-06,3590.032,3793.374,4244.145,2835.147
2015-11-09,3646.881,3840.355,4303.965,2885.449
2015-11-10,3640.485,3833.238,4309.279,2892.121
2015-11-11,3650.25,3833.646,4331.564,2887.009
2015-11-12,3632.902,3795.324,4297.396,2846.709
2015-11-13,3580.839,3746.242,4256.176,2808.847
2015-11-16,3606.958,3764.126,4311.116,2834.924
2015-11-17,3604.795,3758.387,4308.746,2835.228
2015-11-18,3568.468,3715.58,4259.605,2818.949
2015-11-19,3617.062,3774.969,4332.19,2847.858
2015-11-20,3630.5,3774.383,4360.778,2848.807
2015-11-23,3610.315,3753.335,4356.678,2845.834
2015-11-24,3616.113,3753.889,4371.35,2843.792
2015-11-25,3647.93,3781.607,4432.567,2868.705
2015-11-26,3635.552,3759.429,4409.698,2855.685
2015-11-27,3436.303,3556.992,4183.035,2712.527
2015-11-30,3445.405,3566.412,4232.351,2721.999
2015-12-01,3456.309,3591.696,4237.51,2726.421
2015-12-02,3536.905,3721.955,4312.528,2811.0
2015-12-03,3584.824,3749.299,4369.735,2835.723
2015-12-04,3524.992,3677.592,4305.063,2774.945
2015-12-07,3536.927,3687.607,4323.667,2783.12
2015-12-08,3470.07,3623.02,4232.056,2725.363
2015-12-09,3472.439,3635.938,4253.747,2735.045
2015-12-10,3455.495,3623.084,4245.696,2718.948
2015-12-11,3434.581,3608.059,4205.227,2695.947
2015-12-14,3520.668,3711.322,4299.712,2758.406
2015-12-15,3510.354,3694.388,4295.22,2746.25
2015-12-16,3516.187,3685.44,4287.303,2743.134
2015-12-17,3579.999,3755.888,4380.81,2794.788
2015-12-18,3578.964,3767.913,4377.742,2792.433
2015-12-21,3642.472,3865.965,4497.0,2862.676
2015-12-22,3651.767,3876.732,4520.012,2869.893
2015-12-23,3636.089,3866.381,4513.839,2863.817
2015-12-24,3612.485,3829.402,4457.308,2835.506
2015-12-25,3627.914,3838.201,4478.345,2847.549
2015-12-28,3533.779,3727.632,4367.535,2775.235
2015-12-29,3563.736,3761.875,4410.329,2797.416
2015-12-30,3572.876,3765.175,4417.866,2802.688
2015-12-31,3539.182,3731.005,4375.169,2784.953
2016-01-04,3296.258,3469.066,4065.485,2605.649
2016-01-05,3287.711,3478.78,4079.851,2619.663
2016-01-06,3361.84,3539.808,4181.093,2687.921
2016-01-07,3125.002,3294.384,3889.615,2507.956
2016-01-08,3186.412,3361.563,3984.156,2573.541
2016-01-11,3016.704,3192.45,3758.796,2443.111
2016-01-12,3022.861,3215.71,3757.789,2441.824
2016-01-13,2949.597,3155.879,3686.239,2403.133
2016-01-14,3007.649,3221.571,3763.708,2449.331
2016-01-15,2900.97,3118.73,3627.11,2362.278
2016-01-18,2913.837,3130.729,3637.35,2359.624
2016-01-19,3007.739,3223.125,3752.644,2428.705
2016-01-20,2976.694,3174.378,3707.212,2392.368
2016-01-21,2880.482,3081.345,3600.065,2324.834
2016-01-22,2916.562,3113.463,3640.385,2352.322
2016-01-25,2938.515,3128.886,3665.445,2368.423
2016-01-26,2749.785,2940.509,3437.772,2221.313
2016-01-27,2735.558,2930.352,3419.926,2217.519
2016-01-28,2655.661,2853.756,3330.711,2165.927
2016-01-29,2737.6,2946.09,3430.869,2224.286
2016-02-01,2688.854,2901.048,3388.877,2192.951
2016-02-02,2749.57,2961.334,3461.02,2234.187
2016-02-03,2739.247,2948.639,3447.939,2219.737
2016-02-04,2781.023,2984.76,3487.772,2245.424
2016-02-05,2763.492,2963.789,3476.317,2241.459
2016-02-15,2746.196,2946.707,3453.892,2226.602
2016-02-16,2836.571,3037.035,3556.873,2289.021
2016-02-17,2867.338,3063.32,3592.924,2312.617
2016-02-18,2862.893,3053.698,3593.351,2311.645
2016-02-19,2860.021,3051.585,3594.199,2303.459
2016-02-22,2927.175,3118.867,3675.166,2355.275
2016-02-23,2903.331,3089.363,3649.7,2337.036
2016-02-24,2928.896,3109.545,3675.668,2348.984
2016-02-25,2741.245,2918.75,3447.183,2204.291
2016-02-26,2767.21,2948.031,3483.463,2230.438
2016-02-29,2687.979,2877.467,3395.02,2192.785
2016-03-01,2733.17,2930.694,3462.303,2229.084
2016-03-02,2849.681,3051.333,3618.93,2327.561
2016-03-03,2859.758,3058.422,3622.675,2334.381
2016-03-04,2874.147,3093.889,3629.478,2358.866
2016-03-07,2897.34,3104.84,3667.601,2375.591
2016-03-08,2901.387,3107.673,3664.487,2374.456
2016-03-09,2862.556,3071.907,3610.143,2347.93
2016-03-10,2804.726,3013.146,3559.588,2301.401
2016-03-11,2810.307,3018.284,3558.536,2303.114
2016-03-14,2859.499,3065.69,3621.368,2334.163
2016-03-15,2864.368,3074.78,3626.728,2347.169
2016-03-16,2870.43,3090.033,3636.612,2366.174
2016-03-17,2904.832,3124.204,3681.23,2380.704
2016-03-18,2955.15,3171.963,3738.711,2404.396
2016-03-21,3018.802,3249.437,3797.979,2433.986
2016-03-22,2999.363,3225.79,3782.139,2424.457
2016-03-23,3009.96,3236.092,3780.231,2418.498
2016-03-24,2960.97,3181.851,3727.639,2379.028
2016-03-25,2979.434,3197.817,3755.709,2393.29
2016-03-28,2957.82,3169.728,3742.039,2380.011
2016-03-29,2919.832,3135.41,3702.018,2353.878
2016-03-30,3000.645,3216.275,3789.711,2411.502
2016-03-31,3003.915,3218.088,3793.308,2412.309
2016-04-01,3009.53,3221.895,3796.799,2421.693
2016-04-05,3053.065,3264.486,3857.543,2457.297
2016-04-06,3050.592,3257.528,3856.493,2456.746
2016-04-07,3008.42,3209.29,3800.115,2422.722
2016-04-08,2984.958,3185.726,3774.298,2409.132
2016-04-11,3033.957,3230.096,3831.98,2447.245
2016-04-12,3023.646,3218.45,3816.392,2439.009
2016-04-13,3066.638,3261.383,3868.985,2474.491
2016-04-14,3082.362,3275.832,3882.551,2481.652
2016-04-15,3078.117,3272.205,3872.146,2476.298
2016-04-18,3033.66,3228.453,3831.481,2452.908
2016-04-19,3042.823,3238.303,3840.951,2459.907
2016-04-20,2972.584,3181.026,3754.127,2424.393
2016-04-21,2952.891,3160.603,3736.361,2416.835
2016-04-22,2959.24,3174.901,3755.87,2417.317
2016-04-25,2946.67,3162.033,3758.974,2420.876
2016-04-26,2964.7,3179.16,3778.833,2429.868
2016-04-27,2953.671,3165.916,3764.983,2414.666
2016-04-28,2945.589,3160.581,3757.616,2414.871
2016-04-29,2938.324,3156.745,3751.259,2407.018
2016-05-03,2992.643,3213.54,3817.756,2438.467
2016-05-04,2991.272,3209.461,3805.686,2429.501
2016-05-05,2997.842,3213.92,3807.252,2427.21
2016-05-06,2913.248,3130.354,3702.303,2364.809
2016-05-09,2832.113,3065.615,3613.311,2301.465
2016-05-10,2832.591,3069.112,3624.839,2299.364
2016-05-11,2837.037,3082.809,3645.756,2313.093
2016-05-12,2835.862,3090.137,3650.118,2319.454
2016-05-13,2827.109,3074.935,3642.225,2321.022
2016-05-16,2850.862,3095.309,3665.295,2332.389
2016-05-17,2843.684,3086.025,3648.904,2324.671
2016-05-18,2807.514,3068.036,3599.615,2303.4
2016-05-19,2806.906,3062.5,3596.537,2302.786
2016-05-20,2825.483,3078.218,3610.313,2309.337
2016-05-23,2843.645,3087.222,3628.115,2313.864
2016-05-24,2821.666,3063.556,3598.549,2301.404
2016-05-25,2815.086,3059.226,3600.113,2302.553
2016-05-26,2822.443,3064.211,3607.812,2307.274
2016-05-27,2821.046,3062.499,3617.151,2315.153
2016-05-30,2822.451,3066.709,3617.972,2320.088
2016-05-31,2916.616,3169.56,3720.265,2382.417
2016-06-01,2913.508,3160.547,3718.369,2373.953
2016-06-02,2925.229,3167.1,3726.486,2376.569
2016-06-03,2938.682,3189.325,3744.392,2383.258
2016-06-06,2934.098,3178.788,3744.234,2378.428
2016-06-07,2936.045,3177.054,3736.477,2372.586
2016-06-08,2927.159,3163.986,3711.112,2355.546
2016-06-13,2833.071,3066.341,3606.909,2297.066
2016-06-14,2842.189,3075.983,3616.086,2303.704
2016-06-15,2887.21,3116.368,3667.381,2329.43
2016-06-16,2872.817,3094.675,3647.141,2313.899
2016-06-17,2885.105,3110.357,3675.942,2328.791
2016-06-20,2888.809,3112.674,3676.925,2330.338
2016-06-21,2878.558,3106.317,3666.446,2329.821
2016-06-22,2905.55,3133.961,3697.816,2347.008
2016-06-23,2891.96,3117.317,3673.012,2330.951
2016-06-24,2854.286,3077.156,3622.301,2294.534
2016-06-27,2895.703,3120.544,3671.119,2318.282
2016-06-28,2912.557,3136.401,3691.74,2324.21
2016-06-29,2931.592,3151.39,3703.204,2335.674
2016-06-30,2929.606,3153.921,3703.502,2333.413
2016-07-01,2932.476,3154.2,3706.908,2340.356
2016-07-04,2988.604,3204.696,3761.782,2382.215
2016-07-05,3006.392,3207.383,3767.149,2390.654
2016-07-06,3017.292,3216.803,3779.894,2388.348
2016-07-07,3016.847,3209.954,3761.173,2380.98
2016-07-08,2988.094,3192.281,3732.621,2353.915
2016-07-11,2994.917,3203.33,3743.671,2362.293
2016-07-12,3049.381,3273.182,3829.647,2422.238
2016-07-13,3060.689,3282.868,3841.245,2426.899
2016-07-14,3054.018,3276.764,3824.845,2414.558
2016-07-15,3054.296,3276.278,3831.728,2420.869
2016-07-18,3043.564,3262.022,3837.384,2429.316
2016-07-19,3036.598,3248.234,3816.879,2418.122
2016-07-20,3027.9,3237.605,3805.188,2410.581
2016-07-21,3039.009,3252.523,3826.635,2427.723
2016-07-22,3012.816,3225.162,3784.728,2408.113
2016-07-25,3015.827,3230.885,3799.63,2418.192
2016-07-26,3050.166,3269.588,3850.929,2446.361
2016-07-27,2991.999,3218.243,3795.175,2424.794
2016-07-28,2994.323,3221.136,3844.056,2448.45
2016-07-29,2979.338,3203.93,3840.535,2443.332
2016-08-01,2953.385,3176.809,3806.071,2429.435
2016-08-02,2971.278,3189.053,3820.773,2437.459
2016-08-03,2978.46,3193.507,3830.018,2438.106
2016-08-04,2982.426,3201.289,3837.963,2437.655
2016-08-05,2976.696,3205.11,3840.735,2437.693
2016-08-08,3004.276,3234.183,3880.961,2462.849
2016-08-09,3025.68,3256.981,3905.854,2481.313
2016-08-10,3018.745,3243.341,3888.135,2473.737
2016-08-11,3002.637,3233.36,3872.529,2467.547
2016-08-12,3050.667,3294.234,3946.197,2522.052
2016-08-15,3125.195,3393.424,4043.628,2578.897
2016-08-16,3110.036,3378.245,4026.585,2552.786
2016-08-17,3109.554,3373.048,4026.446,2559.147
2016-08-18,3104.113,3364.485,4017.647,2550.887
2016-08-19,3108.102,3365.02,4022.516,2557.768
2016-08-22,3084.805,3336.795,3997.928,2543.885
2016-08-23,3089.705,3341.83,4000.904,2541.047
2016-08-24,3085.88,3329.863,3989.043,2536.615
2016-08-25,3068.329,3308.972,3969.468,2523.087
2016-08-26,3070.308,3307.09,3962.144,2520.054
2016-08-29,3070.027,3307.781,3961.375,2519.203
2016-08-30,3074.676,3311.987,3969.119,2524.434
2016-08-31,3085.491,3327.794,3986.494,2534.7
2016-09-01,3063.305,3301.577,3951.59,2517.011
2016-09-02,3067.352,3314.114,3960.57,2524.002
2016-09-05,3072.095,3319.68,3976.522,2531.287
2016-09-06,3090.712,3342.626,4009.481,2540.651
2016-09-07,3091.928,3340.817,4012.749,2544.73
2016-09-08,3095.954,3339.564,4018.293,2551.345
2016-09-09,3078.854,3318.044,3984.962,2531.072
2016-09-12,3021.977,3262.604,3912.034,2493.851
2016-09-13,3023.509,3260.333,3918.393,2490.105
2016-09-14,3002.848,3238.73,3880.154,2465.813
2016-09-19,3026.051,3263.124,3919.303,2489.462
2016-09-20,3022.999,3257.403,3923.156,2494.185
2016-09-21,3025.873,3266.636,3926.527,2494.01
2016-09-22,3042.313,3291.121,3962.785,2511.098
2016-09-23,3033.895,3275.667,3944.339,2500.139
2016-09-26,2980.429,3220.284,3883.81,2465.022
2016-09-27,2998.172,3240.755,3907.886,2476.091
2016-09-28,2987.857,3230.89,3901.613,2471.966
2016-09-29,2998.482,3244.387,3914.986,2479.171
2016-09-30,3004.703,3253.285,3925.195,2477.578
2016-10-10,3048.142,3293.869,3977.027,2516.482
2016-10-11,3065.249,3306.557,3987.301,2524.266
2016-10-12,3058.498,3300.01,3978.846,2515.003
2016-10-13,3061.345,3302.646,3989.81,2524.89
2016-10-14,3063.808,3305.848,3990.182,2525.272
2016-10-17,3041.166,3277.879,3961.753,2508.361
2016-10-18,3083.875,3321.333,4014.971,2543.688
2016-10-19,3084.718,3316.241,4007.936,2543.254
2016-10-20,3084.457,3318.604,4012.677,2544.133
2016-10-21,3090.941,3327.74,4031.254,2559.468
2016-10-24,3128.246,3367.578,4070.314,2590.813
2016-10-25,3131.938,3367.455,4086.008,2593.003
2016-10-26,3116.311,3354.8,4058.087,2571.369
2016-10-27,3112.349,3345.695,4052.552,2570.045
2016-10-28,3104.27,3340.126,4028.794,2560.318
2016-10-31,3100.492,3336.278,4031.485,2557.674
2016-11-01,3122.435,3359.052,4058.215,2571.073
2016-11-02,3102.732,3333.352,4020.395,2548.235
2016-11-03,3128.935,3365.085,4048.245,2568.369
2016-11-04,3125.316,3354.175,4034.309,2563.903
2016-11-07,3133.332,3356.592,4041.996,2577.201
2016-11-08,3147.887,3371.118,4062.192,2586.732
2016-11-09,3128.37,3353.055,4040.182,2570.046
2016-11-10,3171.282,3390.612,4092.104,2604.578
2016-11-11,3196.043,3417.221,4111.701,2618.805
2016-11-14,3210.371,3430.248,4113.848,2625.333
2016-11-15,3206.985,3429.87,4116.473,2618.717
2016-11-16,3205.057,3429.592,4113.777,2618.347
2016-11-17,3208.452,3436.535,4132.837,2626.483
2016-11-18,3192.855,3417.455,4121.281,2616.784
2016-11-21,3218.147,3441.111,4153.436,2640.009
2016-11-22,3248.351,3468.364,4178.857,2665.681
2016-11-23,3241.136,3474.729,4193.837,2667.89
2016-11-24,3241.735,3488.74,4217.781,2678.506
2016-11-25,3261.937,3521.298,4254.822,2705.718
2016-11-28,3276.999,3535.081,4279.067,2721.221
2016-11-29,3282.923,3564.04,4297.085,2739.054
2016-11-30,3250.034,3538.001,4250.247,2701.094
2016-12-01,3273.309,3565.036,4292.486,2728.07
2016-12-02,3243.843,3528.955,4247.61,2705.957
2016-12-05,3204.709,3469.407,4181.426,2676.003
2016-12-06,3199.647,3459.153,4175.428,2666.38
2016-12-07,3222.241,3475.747,4196.034,2681.235
2016-12-08,3215.365,3470.143,4193.676,2682.196
2016-12-09,3232.883,3493.7,4230.097,2706.111
2016-12-12,3152.97,3409.179,4126.779,2667.957
2016-12-13,3155.037,3405.035,4120.14,2650.12
2016-12-14,3140.53,3378.945,4089.389,2635.36
2016-12-15,3117.677,3340.434,4044.91,2587.167
2016-12-16,3122.981,3346.031,4055.275,2587.848
2016-12-19,3118.084,3328.983,4051.578,2582.358
2016-12-20,3102.875,3309.064,4025.666,2566.322
2016-12-21,3137.429,3338.536,4065.085,2592.649
2016-12-22,3139.558,3335.672,4072.162,2596.108
2016-12-23,3110.154,3307.599,4028.85,2573.944
2016-12-26,3122.569,3322.401,4040.773,2579.481
2016-12-27,3114.664,3316.385,4043.084,2572.86
2016-12-28,3102.235,3301.889,4026.908,2565.435
2016-12-29,3096.096,3297.765,4021.232,2562.559
2016-12-30,3103.637,3310.081,4040.73,2574.132
2017-01-03,3135.92,3342.227,4081.799,2596.393
2017-01-04,3158.794,3368.312,4115.525,2615.447
2017-01-05,3165.41,3367.789,4120.05,2618.803
2017-01-06,3154.321,3347.667,4102.328,2613.277
2017-01-09,3171.236,3363.901,4125.822,2625.679
2017-01-10,3161.671,3358.271,4114.378,2615.595
2017-01-11,3136.753,3334.495,4082.061,2597.645
2017-01-12,3119.288,3317.624,4057.212,2587.234
2017-01-13,3112.764,3319.912,4059.986,2602.653
2017-01-16,3103.428,3319.446,4063.006,2629.656
2017-01-17,3108.774,3326.356,4071.577,2625.748
2017-01-18,3113.012,3339.365,4096.878,2638.529
2017-01-19,3101.299,3329.289,4087.673,2632.306
2017-01-20,3123.138,3354.889,4123.691,2648.731
2017-01-23,3136.774,3364.081,4128.523,2647.872
2017-01-24,3142.553,3364.451,4144.199,2661.937
2017-01-25,3149.554,3375.904,4150.065,2668.247
2017-01-26,3159.166,3387.961,4157.874,2670.176
2017-02-03,3140.17,3364.492,4131.771,2649.089
2017-02-06,3156.983,3373.205,4144.054,2656.272
2017-02-07,3153.087,3365.685,4146.86,2657.904
2017-02-08,3166.981,3383.288,4161.752,2664.124
2017-02-09,3183.179,3396.292,4179.773,2674.004
2017-02-10,3196.699,3413.487,4206.285,2691.677
2017-02-13,3216.839,3436.275,4237.655,2699.798
2017-02-14,3217.928,3435.804,4228.752,2693.604
2017-02-15,3212.985,3421.713,4225.672,2703.577
2017-02-16,3229.618,3440.933,4248.336,2713.381
2017-02-17,3202.075,3421.442,4218.558,2692.267
2017-02-20,3239.961,3471.393,4293.092,2732.249
2017-02-21,3253.325,3482.823,4300.006,2734.977
2017-02-22,3261.218,3489.757,4324.54,2748.24
2017-02-23,3251.375,3473.323,4302.672,2738.52
2017-02-24,3253.432,3473.852,4296.513,2733.498
2017-02-27,3228.66,3446.223,4256.862,2716.402
2017-02-28,3241.733,3452.81,4275.43,2725.08
2017-03-01,3246.933,3458.438,4278.946,2725.288
2017-03-02,3230.028,3435.096,4257.545,2712.444
2017-03-03,3218.311,3427.863,4259.201,2711.236
2017-03-06,3233.865,3446.484,4280.972,2714.348
2017-03-07,3242.406,3453.957,4285.91,2715.22
2017-03-08,3240.664,3448.731,4274.547,2710.963
2017-03-09,3216.745,3426.944,4240.955,2690.431
2017-03-10,3212.76,3427.892,4244.692,2688.968
2017-03-13,3237.024,3458.098,4285.474,2716.844
2017-03-14,3239.327,3456.693,4283.668,2718.648
2017-03-15,3241.759,3463.644,4298.082,2726.433
2017-03-16,3268.935,3481.507,4314.323,2734.025
2017-03-17,3237.447,3445.805,4268.775,2702.543
2017-03-20,3250.808,3449.613,4289.302,2717.527
2017-03-21,3261.61,3466.347,4331.325,2733.94
2017-03-22,3245.219,3450.05,4307.376,2713.165
2017-03-23,3248.549,3461.978,4316.121,2716.771
2017-03-24,3269.445,3489.6,4354.31,2743.027
2017-03-27,3266.955,3478.039,4341.285,2743.318
2017-03-28,3252.947,3469.809,4326.361,2733.298
2017-03-29,3241.314,3465.193,4319.62,2731.07
2017-03-30,3210.236,3436.758,4290.816,2724.695
2017-03-31,3222.514,3456.045,4323.96,2749.111
2017-04-05,3270.305,3503.893,4382.421,2779.598
2017-04-06,3281.004,3514.047,4400.048,2781.819
2017-04-07,3286.616,3517.463,4407.746,2784.514
2017-04-10,3269.392,3505.139,4405.848,2785.19
2017-04-11,3288.965,3517.328,4421.567,2787.165
2017-04-12,3273.83,3509.439,4423.273,2779.003
2017-04-13,3275.96,3514.566,4450.622,2780.93
2017-04-14,3246.066,3486.504,4397.729,2759.947
2017-04-17,3222.167,3479.942,4375.876,2750.305
2017-04-18,3196.713,3462.743,4365.363,2732.043
2017-04-19,3170.686,3445.876,4347.306,2714.505
2017-04-20,3172.1,3461.548,4366.188,2723.629
2017-04-21,3173.151,3466.787,4369.349,2739.655
2017-04-24,3129.531,3431.259,4315.195,2719.877
2017-04-25,3134.567,3440.974,4335.374,2722.287
2017-04-26,3140.847,3445.183,4339.48,2726.522
2017-04-27,3152.186,3446.72,4329.63,2726.449
2017-04-28,3154.658,3439.753,4302.844,2713.989
2017-05-02,3143.712,3426.577,4281.133,2695.609
2017-05-03,3135.346,3413.128,4254.324,2683.616
2017-05-04,3127.368,3404.386,4251.87,2678.466
2017-05-05,3103.037,3382.55,4229.099,2673.234
2017-05-08,3078.612,3358.813,4194.235,2674.825
2017-05-09,3080.526,3352.532,4192.616,2670.667
2017-05-10,3052.785,3337.701,4147.821,2653.259
2017-05-11,3061.5,3356.646,4170.477,2671.665
2017-05-12,3083.513,3385.379,4202.116,2697.55
2017-05-15,3090.228,3399.194,4228.944,2711.2
2017-05-16,3112.964,3428.649,4278.077,2725.088
2017-05-17,3104.441,3409.966,4265.525,2711.827
2017-05-18,3090.139,3398.113,4245.369,2699.862
2017-05-19,3090.63,3403.849,4261.365,2700.669
2017-05-22,3075.675,3411.239,4248.441,2705.124
2017-05-23,3061.947,3424.194,4259.538,2724.167
2017-05-24,3064.075,3424.167,4266.975,2724.018
2017-05-25,3107.831,3485.658,4325.164,2763.493
2017-05-26,3110.058,3480.435,4331.277,2772.814
2017-05-31,3117.177,3492.884,4338.307,2782.786
2017-06-01,3102.623,3497.738,4330.892,2794.776
2017-06-02,3105.54,3486.507,4338.468,2792.803
2017-06-05,3091.656,3468.753,4316.498,2762.993
2017-06-06,3102.126,3492.881,4338.875,2771.842
2017-06-07,3140.324,3533.871,4397.441,2795.731
2017-06-08,3150.333,3560.978,4437.768,2822.768
2017-06-09,3158.4,3576.17,4450.951,2829.822
2017-06-12,3139.876,3574.389,4462.274,2832.672
2017-06-13,3153.742,3582.267,4477.016,2840.644
2017-06-14,3130.674,3535.298,4413.182,2797.552
2017-06-15,3132.486,3528.792,4391.986,2778.167
2017-06-16,3123.166,3518.761,4362.857,2756.156
2017-06-19,3144.373,3553.665,4393.378,2772.125
2017-06-20,3140.013,3546.494,4387.902,2764.718
2017-06-21,3156.211,3587.955,4439.062,2792.82
2017-06-22,3147.453,3590.342,4438.041,2803.78
2017-06-23,3157.873,3622.883,4475.028,2823.908
2017-06-26,3185.443,3668.091,4525.731,2843.557
2017-06-27,3191.196,3674.715,4534.924,2849.975
2017-06-28,3173.201,3646.166,4509.997,2837.264
2017-06-29,3188.062,3668.827,4525.372,2851.402
2017-06-30,3192.426,3666.797,4527.244,2850.677
2017-07-03,3195.911,3650.846,4518.922,2847.379
2017-07-04,3182.803,3619.984,4483.804,2831.58
2017-07-05,3207.134,3659.679,4514.095,2848.564
2017-07-06,3212.444,3660.096,4515.578,2857.816
2017-07-07,3217.956,3655.929,4517.368,2862.896
2017-07-10,3212.631,3653.686,4506.216,2848.32
2017-07-11,3203.037,3670.808,4526.76,2858.733
2017-07-12,3197.543,3658.823,4505.91,2850.153
2017-07-13,3218.163,3686.92,4517.2,2864.209
2017-07-14,3222.416,3703.094,4544.457,2882.424
2017-07-17,3176.464,3663.557,4489.014,2875.59
2017-07-18,3187.567,3667.18,4489.526,2867.136
2017-07-19,3230.976,3729.746,4549.809,2896.058
2017-07-20,3244.864,3747.884,4588.113,2916.704
2017-07-21,3237.981,3728.597,4585.493,2914.438
2017-07-24,3250.598,3743.468,4615.173,2921.667
2017-07-25,3243.689,3719.559,4592.287,2914.533
2017-07-26,3247.674,3705.388,4568.775,2900.81
2017-07-27,3249.781,3712.194,4564.185,2901.047
2017-07-28,3253.24,3721.891,4581.279,2901.498
2017-07-31,3273.028,3737.873,4599.886,2900.28
2017-08-01,3292.638,3770.382,4627.979,2919.936
2017-08-02,3285.056,3760.852,4606.673,2911.925
2017-08-03,3272.928,3727.826,4569.541,2887.225
2017-08-04,3262.08,3707.579,4548.567,2879.024
2017-08-07,3279.456,3726.794,4577.637,2886.462
2017-08-08,3281.872,3732.212,4572.197,2876.866
2017-08-09,3275.573,3731.044,4584.554,2869.245
2017-08-10,3261.749,3715.92,4572.053,2863.651
2017-08-11,3208.541,3647.35,4492.212,2820.999
2017-08-14,3237.36,3694.683,4528.796,2826.981
2017-08-15,3251.261,3706.056,4556.896,2847.964
2017-08-16,3246.451,3701.42,4541.249,2836.916
2017-08-17,3268.429,3721.277,4563.46,2851.744
2017-08-18,3268.724,3724.674,4574.265,2856.802
2017-08-21,3286.905,3740.994,4592.575,2865.646
2017-08-22,3290.225,3752.298,4593.609,2872.064
2017-08-23,3287.704,3756.088,4591.574,2875.591
2017-08-24,3271.511,3734.645,4588.269,2873.952
2017-08-25,3331.522,3795.754,4646.541,2920.143
2017-08-28,3362.651,3842.711,4679.791,2930.509
2017-08-29,3365.226,3834.537,4676.54,2931.232
2017-08-30,3363.626,3834.3,4681.083,2921.597
2017-08-31,3360.81,3822.092,4653.353,2904.414
2017-09-01,3367.119,3830.538,4663.478,2906.25
2017-09-04,3379.583,3845.616,4669.584,2913.562
2017-09-05,3384.317,3857.046,4672.39,2918.938
2017-09-06,3385.388,3849.449,4664.502,2913.674
2017-09-07,3365.497,3829.871,4654.155,2905.379
2017-09-08,3365.242,3825.989,4649.426,2905.605
2017-09-11,3376.418,3825.645,4657.847,2907.691
2017-09-12,3379.488,3837.934,4677.323,2920.599
2017-09-13,3384.147,3842.606,4686.919,2915.411
2017-09-14,3371.425,3829.955,4675.253,2902.979
2017-09-15,3353.619,3831.296,4666.91,2891.724
2017-09-18,3362.858,3843.142,4676.923,2899.117
2017-09-19,3356.844,3832.116,4663.188,2901.419
2017-09-20,3365.995,3842.435,4685.911,2906.571
2017-09-21,3357.812,3837.817,4683.821,2916.08
2017-09-22,3352.529,3837.73,4690.049,2924.949
2017-09-25,3341.548,3817.791,4668.803,2924.707
2017-09-26,3343.582,3820.781,4666.409,2919.618
2017-09-27,3345.271,3821.2,4673.302,2921.585
2017-09-28,3339.642,3822.538,4663.262,2916.993
2017-09-29,3348.943,3836.501,4672.25,2919.67
2017-10-09,3374.378,3882.207,4719.965,2947.156
2017-10-10,3382.987,3889.863,4726.093,2942.779
2017-10-11,3388.283,3902.686,4739.612,2951.953
2017-10-12,3386.1,3912.953,4740.299,2956.622
2017-10-13,3390.523,3921.001,4741.516,2952.058
2017-10-16,3378.47,3913.446,4708.883,2950.381
2017-10-17,3372.04,3913.068,4708.794,2944.182
2017-10-18,3381.793,3944.162,4740.829,2976.423
2017-10-19,3370.172,3931.249,4740.432,2981.602
2017-10-20,3378.648,3926.852,4742.305,2979.233
2017-10-23,3380.699,3930.798,4746.499,2973.317
2017-10-24,3388.247,3959.395,4775.134,2996.351
2017-10-25,3396.897,3976.949,4787.008,2999.359
2017-10-26,3407.567,3993.575,4791.846,2991.84
2017-10-27,3416.812,4021.967,4806.627,3006.456
2017-10-30,3390.337,4009.721,4786.042,3002.893
2017-10-31,3393.341,4006.717,4767.552,2987.845
2017-11-01,3395.912,3996.622,4744.364,2966.672
2017-11-02,3383.309,3997.134,4744.382,2962.924
2017-11-03,3371.744,3992.697,4724.28,2956.187
2017-11-06,3388.174,4020.889,4757.076,2963.65
2017-11-07,3413.574,4054.246,4786.6,2984.088
2017-11-08,3415.46,4048.005,4788.848,2991.807
2017-11-09,3427.794,4075.899,4814.414,3007.712
2017-11-10,3432.673,4111.911,4841.376,3018.95
2017-11-13,3447.835,4128.073,4867.814,3046.665
2017-11-14,3429.548,4099.351,4836.049,3035.278
2017-11-15,3402.524,4073.669,4814.782,3011.106
2017-11-16,3399.25,4105.012,4827.468,3010.113
2017-11-17,3382.907,4120.85,4835.368,3052.448
2017-11-20,3392.398,4143.833,4857.332,3069.233
2017-11-21,3410.497,4217.701,4921.267,3092.979
2017-11-22,3430.464,4227.566,4928.323,3113.408
2017-11-23,3351.918,4102.396,4798.55,3043.474
2017-11-24,3353.82,4104.203,4798.516,3032.368
2017-11-27,3322.229,4049.947,4756.489,3013.759
2017-11-28,3333.657,4055.823,4760.788,3004.415
2017-11-29,3337.862,4053.752,4755.959,3002.797
2017-11-30,3317.188,4006.099,4725.781,2986.05
2017-12-01,3317.617,3998.136,4718.134,2979.617
2017-12-04,3309.618,4018.857,4724.024,2982.681
2017-12-05,3303.675,4040.17,4735.602,3012.605
2017-12-06,3293.964,4015.821,4708.701,2986.66
2017-12-07,3272.054,3971.056,4660.838,2959.454
2017-12-08,3289.992,4003.379,4675.839,2954.494
2017-12-11,3322.195,4069.499,4725.177,2978.409
2017-12-12,3280.813,4016.016,4677.611,2942.591
2017-12-13,3303.037,4050.092,4713.319,2962.795
2017-12-14,3292.438,4026.151,4702.398,2950.885
2017-12-15,3266.137,3980.855,4664.858,2925.484
2017-12-18,3267.922,3985.291,4664.144,2933.078
2017-12-19,3296.538,4035.329,4703.623,2956.966
2017-12-20,3287.605,4030.489,4690.553,2952.462
2017-12-21,3300.059,4067.848,4716.31,2964.297
2017-12-22,3297.063,4054.598,4716.902,2964.057
2017-12-25,3280.461,4041.54,4710.802,2964.518
2017-12-26,3306.124,4053.622,4730.761,2982.875
2017-12-27,3275.782,3991.207,4696.675,2965.425
2017-12-28,3296.384,4018.897,4718.555,2977.95
2017-12-29,3307.172,4030.854,4750.787,2993.991
2018-01-02,3348.325,4087.401,4836.078,3039.24
2018-01-03,3369.108,4111.392,4859.702,3048.588
2018-01-04,3385.71,4128.811,4877.633,3053.532
2018-01-05,3391.75,4138.75,4912.432,3077.68
2018-01-08,3409.479,4160.159,4952.718,3107.418
2018-01-09,3413.899,4189.297,4949.164,3100.448
2018-01-10,3421.834,4207.813,4963.994,3115.518
2018-01-11,3425.344,4205.586,4950.749,3108.165
2018-01-12,3428.94,4225.001,4974.829,3117.063
2018-01-15,3410.488,4225.239,4956.674,3109.713
2018-01-16,3436.594,4258.473,5027.227,3137.037
2018-01-17,3444.671,4248.116,5020.78,3140.634
2018-01-18,3474.754,4271.416,5061.046,3168.755
2018-01-19,3487.864,4285.395,5058.976,3181.026
2018-01-22,3501.362,4336.597,5108.898,3201.892
2018-01-23,3546.504,4382.612,5169.57,3257.173
2018-01-24,3559.465,4389.885,5177.354,3265.135
2018-01-25,3548.307,4365.079,5156.279,3251.395
2018-01-26,3558.128,4381.299,5190.286,3279.41
2018-01-29,3523.0,4302.018,5139.461,3257.965
2018-01-30,3488.009,4256.102,5077.635,3222.983
2018-01-31,3480.833,4275.898,5071.809,3217.723
2018-02-01,3446.979,4245.897,5020.177,3211.973
2018-02-02,3462.08,4271.232,5061.521,3241.993
2018-02-05,3487.497,4274.146,5098.937,3293.464
2018-02-06,3370.652,4148.885,4952.917,3217.043
2018-02-07,3309.259,4050.497,4852.493,3149.069
2018-02-08,3262.05,4012.047,4807.159,3091.001
2018-02-09,3129.85,3840.652,4620.225,2973.386
2018-02-12,3154.125,3890.104,4672.71,2975.954
2018-02-13,3184.958,3935.632,4724.104,3015.591
2018-02-14,3199.158,3966.961,4736.559,3018.662
2018-02-22,3268.558,4052.733,4839.244,3084.183
2018-02-23,3289.024,4071.088,4853.354,3096.037
2018-02-26,3329.573,4118.418,4899.069,3123.345
2018-02-27,3292.067,4058.98,4822.355,3078.967
2018-02-28,3259.408,4023.641,4789.775,3049.248
2018-03-01,3273.754,4049.086,4796.381,3050.073
2018-03-02,3254.528,4016.461,4783.914,3044.758
2018-03-05,3256.926,4018.097,4777.4,3047.262
2018-03-06,3289.641,4066.564,4841.26,3072.816
2018-03-07,3271.668,4036.653,4822.203,3065.699
2018-03-08,3288.405,4077.6,4867.404,3078.453
2018-03-09,3307.165,4108.865,4884.411,3085.136
2018-03-12,3326.699,4127.666,4894.363,3088.131
2018-03-13,3310.238,4091.253,4864.383,3076.264
2018-03-14,3291.381,4073.344,4845.202,3066.81
2018-03-15,3291.112,4096.162,4851.276,3065.339
2018-03-16,3269.882,4056.422,4813.08,3041.476
2018-03-19,3279.251,4074.247,4791.605,3027.694
2018-03-20,3290.639,4077.704,4790.336,3033.186
2018-03-21,3280.952,4061.05,4781.544,3028.394
2018-03-22,3263.48,4020.349,4743.82,3008.689
2018-03-23,3152.76,3904.935,4607.289,2937.088
2018-03-26,3133.721,3879.893,4568.444,2903.312
2018-03-27,3166.648,3913.268,4586.774,2912.967
2018-03-28,3122.289,3842.715,4521.301,2876.484
2018-03-29,3160.53,3894.049,4599.434,2919.411
2018-03-30,3168.896,3898.497,4601.868,2919.01
2018-04-02,3163.179,3886.918,4578.513,2895.96
2018-04-03,3136.633,3862.479,4533.215,2864.566
2018-04-04,3131.111,3854.862,4529.756,2860.959
2018-04-09,3138.293,3852.929,4520.915,2861.222
2018-04-10,3190.321,3927.172,4597.204,2913.219
2018-04-11,3208.081,3938.343,4622.608,2932.986
2018-04-12,3180.158,3898.635,4580.812,2903.32
2018-04-13,3159.052,3871.144,4559.849,2888.449
2018-04-16,3110.648,3808.863,4483.786,2833.269
2018-04-17,3066.796,3748.641,4432.05,2806.69
2018-04-18,3091.398,3766.282,4450.495,2815.719
2018-04-19,3117.376,3811.843,4492.198,2836.261
2018-04-20,3071.542,3760.854,4429.921,2799.353
2018-04-23,3068.012,3766.325,4431.924,2800.7
2018-04-24,3128.927,3843.488,4521.882,2855.504
2018-04-25,3117.973,3828.701,4508.583,2837.937
2018-04-26,3075.03,3755.494,4440.742,2802.972
2018-04-27,3082.231,3756.876,4440.904,2804.413
2018-05-02,3081.177,3763.646,4461.712,2819.448
2018-05-03,3100.858,3793.0,4494.896,2835.426
2018-05-04,3091.033,3774.598,4482.604,2828.85
2018-05-07,3136.644,3834.187,4549.22,2862.564
2018-05-08,3161.497,3878.676,4586.675,2886.134
2018-05-09,3159.15,3871.615,4581.576,2883.703
2018-05-10,3174.412,3893.056,4608.942,2903.231
2018-05-11,3163.263,3872.838,4588.778,2894.948
2018-05-14,3174.032,3909.293,4608.963,2905.548
2018-05-15,3192.118,3924.097,4628.163,2917.292
2018-05-16,3169.565,3892.844,4601.881,2900.381
2018-05-17,3154.282,3864.05,4585.076,2895.049
2018-05-18,3193.303,3903.063,4628.816,2923.725
2018-05-21,3213.84,3921.242,4650.224,2934.928
2018-05-22,3214.349,3906.208,4637.424,2923.868
2018-05-23,3168.964,3854.582,4591.507,2893.811
2018-05-24,3154.65,3827.217,4561.819,2873.833
2018-05-25,3141.303,3816.498,4551.375,2873.962
2018-05-28,3135.082,3833.259,4564.434,2869.7
2018-05-29,3120.46,3804.009,4551.263,2868.882
2018-05-30,3041.443,3723.372,4466.281,2816.713
2018-05-31,3095.473,3802.375,4559.616,2866.986
2018-06-01,3075.137,3770.589,4527.092,2852.953
2018-06-04,3091.19,3807.578,4559.679,2873.561
2018-06-05,3114.205,3845.316,4579.528,2878.982
2018-06-06,3115.18,3837.351,4578.864,2873.93
2018-06-07,3109.498,3831.012,4549.356,2859.057
2018-06-08,3067.147,3779.615,4486.994,2814.24
2018-06-11,3052.783,3779.981,4480.976,2814.723
2018-06-12,3079.801,3825.953,4535.467,2840.56
2018-06-13,3049.796,3788.339,4501.392,2829.356
2018-06-14,3044.159,3773.365,4481.238,2828.543
2018-06-15,3021.9,3753.433,4460.991,2824.662
2018-06-19,2907.822,3621.116,4291.981,2752.277
2018-06-20,2915.731,3635.443,4315.139,2743.687
2018-06-21,2875.809,3592.965,4276.177,2720.445
2018-06-22,2889.76,3608.904,4291.5,2718.159
2018-06-25,2859.336,3560.477,4252.127,2691.613
2018-06-26,2844.508,3531.111,4202.356,2658.331
2018-06-27,2813.177,3459.262,4151.267,2635.242
2018-06-28,2786.896,3423.525,4096.881,2597.705
2018-06-29,2847.418,3510.984,4187.021,2646.574
2018-07-02,2775.557,3407.963,4076.231,2565.373
2018-07-03,2786.887,3409.28,4082.466,2574.493
2018-07-04,2759.126,3363.747,4042.291,2566.731
2018-07-05,2733.881,3342.437,4003.205,2554.476
2018-07-06,2747.228,3365.122,4014.883,2567.15
2018-07-09,2815.109,3459.183,4108.554,2618.951
2018-07-10,2827.625,3467.515,4121.381,2626.217
2018-07-11,2777.771,3407.529,4052.954,2583.501
2018-07-12,2837.658,3481.055,4128.179,2626.887
2018-07-13,2831.183,3492.689,4133.142,2618.7
2018-07-16,2814.041,3472.085,4107.222,2597.891
2018-07-17,2798.125,3449.377,4079.326,2576.066
2018-07-18,2787.257,3431.322,4087.355,2586.939
2018-07-19,2772.545,3428.343,4081.913,2582.7
2018-07-20,2829.271,3492.893,4154.685,2644.294
2018-07-23,2859.542,3525.75,4195.714,2679.958
2018-07-24,2905.561,3581.705,4250.761,2701.784
2018-07-25,2903.646,3577.752,4244.133,2698.164
2018-07-26,2882.225,3536.245,4216.181,2685.704
2018-07-27,2873.593,3521.226,4201.062,2669.176
2018-07-30,2869.049,3515.079,4204.868,2679.309
2018-07-31,2876.4,3517.656,4207.781,2688.171
2018-08-01,2824.533,3447.388,4129.255,2637.788
2018-08-02,2768.023,3370.957,4046.94,2590.486
2018-08-03,2740.442,3315.283,3995.218,2570.251
2018-08-06,2705.156,3273.272,3943.289,2551.352
2018-08-07,2779.374,3368.869,4043.761,2609.162
2018-08-08,2744.069,3314.507,3988.708,2575.626
2018-08-09,2794.381,3397.529,4059.248,2619.226
2018-08-10,2795.309,3405.019,4049.151,2600.144
2018-08-13,2785.872,3390.344,4025.896,2584.609
2018-08-14,2780.964,3372.913,4023.039,2583.19
2018-08-15,2723.257,3291.976,3942.071,2530.809
2018-08-16,2705.191,3276.727,3919.103,2521.989
2018-08-17,2668.966,3229.619,3875.75,2499.449
2018-08-20,2698.465,3267.249,3912.003,2528.592
2018-08-21,2733.826,3326.648,3961.262,2556.334
2018-08-22,2714.608,3307.954,3935.273,2537.711
2018-08-23,2724.624,3320.025,3945.733,2546.949
2018-08-24,2729.43,3325.334,3956.01,2561.85
2018-08-27,2780.899,3406.573,4039.032,2613.55
2018-08-28,2777.98,3400.17,4034.718,2611.113
2018-08-29,2769.294,3386.573,4010.281,2596.191
2018-08-30,2737.736,3351.094,3990.226,2584.262
2018-08-31,2725.249,3334.503,3970.523,2576.6
2018-09-03,2720.734,3321.824,3960.533,2572.132
2018-09-04,2750.58,3363.898,3999.418,2597.251
2018-09-05,2704.336,3298.141,3934.871,2552.607
2018-09-06,2691.592,3262.88,3897.031,2537.49
2018-09-07,2702.3,3277.643,3910.131,2545.147
2018-09-10,2669.484,3230.068,3874.418,2530.677
2018-09-11,2664.799,3224.211,3865.674,2522.511
2018-09-12,2656.11,3202.024,3858.468,2521.091
2018-09-13,2686.578,3236.566,3893.639,2549.118
2018-09-14,2681.643,3242.09,3902.84,2556.458
2018-09-17,2651.788,3204.922,3866.847,2536.006
2018-09-18,2699.95,3269.431,3925.443,2578.388
2018-09-19,2730.85,3312.482,3980.147,2606.873
2018-09-20,2729.243,3310.125,3977.714,2599.265
2018-09-21,2797.484,3410.485,4082.448,2671.426
2018-09-25,2781.138,3379.804,4049.12,2649.881
2018-09-26,2806.813,3417.241,4076.532,2667.213
2018-09-27,2791.774,3403.59,4065.034,2669.776
2018-09-28,2821.35,3438.864,4108.73,2700.558
2018-10-08,2716.51,3290.898,3963.25,2606.045
2018-10-09,2721.013,3288.69,3954.86,2593.752
2018-10-10,2725.836,3281.597,3960.96,2604.637
2018-10-11,2583.457,3124.113,3770.539,2486.222
2018-10-12,2606.912,3170.726,3812.271,2516.268
2018-10-15,2568.098,3126.451,3737.971,2471.341
2018-10-16,2546.329,3100.973,3700.23,2458.062
2018-10-17,2561.614,3118.246,3728.169,2479.885
2018-10-18,2486.418,3044.391,3651.09,2425.4
2018-10-19,2550.465,3134.945,3752.419,2492.26
2018-10-22,2654.876,3270.273,3904.412,2577.611
2018-10-23,2594.825,3183.425,3812.22,2513.814
2018-10-24,2603.295,3188.201,3811.732,2517.857
2018-10-25,2603.799,3194.308,3821.601,2523.353
2018-10-26,2598.846,3173.635,3823.639,2528.359
2018-10-29,2542.103,3076.888,3729.133,2473.556
2018-10-30,2568.048,3110.26,3765.161,2493.415
2018-10-31,2602.783,3153.823,3808.414,2516.791
2018-11-01,2606.237,3177.033,3815.733,2518.511
2018-11-02,2676.476,3290.245,3916.026,2572.353
2018-11-05,2665.43,3262.835,3903.146,2561.667
2018-11-06,2659.356,3243.15,3894.794,2555.925
2018-11-07,2641.342,3221.91,3876.548,2543.883
2018-11-08,2635.632,3212.773,3871.178,2545.274
2018-11-09,2598.871,3167.444,3830.23,2507.197
2018-11-12,2630.519,3205.14,3891.636,2537.454
2018-11-13,2654.879,3237.382,3925.068,2552.486
2018-11-14,2632.242,3204.942,3893.833,2526.214
2018-11-15,2668.17,3242.371,3929.084,2546.521
2018-11-16,2679.109,3257.673,3957.739,2552.2
2018-11-19,2703.511,3294.603,3999.46,2577.469
2018-11-20,2645.854,3218.407,3911.214,2525.959
2018-11-21,2651.505,3226.491,3924.04,2531.43
2018-11-22,2645.433,3214.427,3911.123,2519.359
2018-11-23,2579.483,3143.475,3822.982,2475.605
2018-11-26,2575.81,3141.243,3822.075,2475.557
2018-11-27,2574.679,3137.241,3813.211,2470.115
2018-11-28,2601.736,3178.932,3855.168,2487.709
2018-11-29,2567.443,3137.654,3813.627,2468.853
2018-11-30,2588.187,3172.69,3846.948,2491.653
2018-12-03,2654.798,3260.95,3945.492,2548.234
2018-12-04,2665.957,3267.709,3957.116,2555.392
2018-12-05,2649.805,3252.004,3943.365,2545.704
2018-12-06,2605.181,3181.673,3879.012,2507.283
2018-12-07,2605.887,3181.564,3901.037,2523.879
2018-12-10,2584.582,3144.763,3864.74,2504.777
2018-12-11,2594.088,3159.815,3880.998,2512.812
2018-12-12,2602.152,3170.609,3907.649,2526.603
2018-12-13,2634.049,3219.692,3956.963,2558.444
2018-12-14,2593.74,3165.91,3898.876,2526.842
2018-12-17,2597.973,3161.196,3924.75,2546.292
2018-12-18,2576.649,3128.426,3896.488,2528.891
2018-12-19,2549.563,3091.125,3870.461,2514.788
2018-12-20,2536.267,3067.416,3867.28,2501.599
2018-12-21,2516.25,3029.395,3839.932,2490.182
2018-12-24,2527.007,3038.198,3867.235,2504.462
2018-12-25,2504.819,3017.281,3843.105,2484.541
2018-12-26,2498.293,3002.032,3841.532,2485.425
2018-12-27,2483.086,2990.505,3823.924,2475.958
2018-12-28,2493.896,3010.653,3836.87,2486.082
2019-01-02,2465.291,2969.535,3779.246,2438.48
2019-01-03,2464.362,2964.842,3756.758,2436.613
2019-01-04,2514.868,3035.874,3830.927,2470.114
2019-01-07,2533.088,3054.303,3883.356,2492.679
2019-01-08,2526.462,3047.703,3890.527,2496.449
2019-01-09,2544.344,3078.475,3923.412,2510.424
2019-01-10,2535.098,3072.686,3907.759,2501.989
2019-01-11,2553.831,3094.778,3923.141,2516.941
2019-01-14,2535.765,3067.784,3917.073,2510.717
2019-01-15,2570.344,3127.99,3954.308,2531.811
2019-01-16,2570.422,3128.651,3959.031,2529.657
2019-01-17,2559.637,3111.416,3950.537,2526.76
2019-01-18,2596.005,3168.173,3994.556,2561.266
2019-01-21,2610.509,3185.636,4000.715,2571.076
2019-01-22,2579.704,3143.317,3962.708,2541.191
2019-01-23,2581.004,3141.053,3979.625,2547.176
2019-01-24,2591.693,3158.781,3994.164,2553.444
2019-01-25,2601.723,3184.469,4013.569,2563.302
2019-01-28,2596.976,3183.777,4014.527,2567.122
2019-01-29,2594.253,3193.969,4025.018,2577.788
2019-01-30,2575.575,3168.482,4000.739,2564.269
2019-01-31,2584.572,3201.633,4012.068,2580.091
2019-02-01,2618.232,3247.397,4065.237,2606.292
2019-02-11,2653.896,3306.472,4126.998,2630.492
2019-02-12,2671.893,3330.335,4163.674,2646.214
2019-02-13,2721.068,3397.027,4216.608,2680.975
2019-02-14,2719.699,3402.14,4216.826,2679.094
2019-02-15,2682.385,3338.704,4159.938,2637.29
2019-02-18,2754.356,3445.744,4260.311,2698.934
2019-02-19,2755.645,3439.607,4255.219,2698.022
2019-02-20,2761.218,3451.927,4258.248,2698.97
2019-02-21,2751.801,3442.705,4230.379,2680.601
2019-02-22,2804.226,3520.118,4287.409,2709.717
2019-02-25,2961.283,3729.483,4470.263,2825.663
2019-02-26,2941.516,3684.693,4453.777,2813.157
2019-02-27,2953.824,3678.392,4444.22,2809.294
2019-02-28,2940.953,3669.37,4440.866,2807.539
2019-03-01,2994.005,3749.714,4502.034,2840.677
2019-03-04,3027.575,3794.104,4555.798,2868.413
2019-03-05,3054.246,3816.013,4608.017,2889.287
2019-03-06,3102.099,3848.09,4664.234,2926.837
2019-03-07,3106.417,3808.849,4658.764,2917.229
2019-03-08,2969.861,3657.579,4469.647,2789.374
2019-03-11,3026.992,3729.954,4562.26,2837.207
2019-03-12,3060.307,3755.351,4598.854,2865.645
2019-03-13,3026.951,3724.194,4557.102,2838.875
2019-03-14,2990.685,3698.485,4493.975,2805.086
2019-03-15,3021.751,3745.005,4574.033,2834.532
2019-03-18,3096.417,3851.747,4703.471,2912.052
2019-03-19,3090.975,3833.962,4679.067,2902.735
2019-03-20,3090.64,3835.439,4685.049,2910.594
2019-03-21,3101.455,3836.891,4705.451,2920.959
2019-03-22,3104.148,3833.801,4734.398,2926.472
2019-03-25,3043.031,3742.825,4662.445,2877.402
2019-03-26,2997.095,3700.438,4592.351,2839.264
2019-03-27,3022.719,3743.387,4659.766,2882.209
2019-03-28,2994.943,3728.395,4612.975,2857.629
2019-03-29,3090.758,3872.341,4742.955,2926.178
2019-04-01,3170.361,3973.928,4881.109,3001.471
2019-04-02,3176.822,3971.285,4885.608,2997.446
2019-04-03,3216.295,4022.156,4954.019,3030.14
2019-04-04,3246.571,4062.23,5021.842,3061.871
2019-04-08,3244.81,4057.228,5071.996,3080.599
2019-04-09,3239.663,4075.43,5066.939,3068.268
2019-04-10,3241.929,4085.847,5080.54,3064.15
2019-04-11,3189.961,3997.577,5018.39,3030.075
2019-04-12,3188.625,3988.616,4993.349,3009.755
2019-04-15,3177.786,3975.524,4940.217,3002.207
2019-04-16,3253.597,4085.789,5011.659,3049.764
2019-04-17,3263.117,4087.239,5032.023,3057.791
2019-04-18,3250.201,4072.075,4968.623,3026.794
2019-04-19,3270.797,4120.607,4993.678,3039.206
2019-04-22,3215.042,4025.61,4891.721,2973.176
2019-04-23,3198.593,4019.005,4854.264,2946.11
2019-04-24,3201.613,4030.088,4897.192,2972.73
2019-04-25,3123.826,3941.816,4769.561,2900.812
2019-04-26,3086.398,3889.274,4705.722,2862.147
2019-04-29,3062.498,3900.333,4672.429,2847.351
2019-04-30,3078.338,3913.211,4735.737,2874.005
2019-05-06,2906.464,3684.616,4475.765,2743.458
2019-05-07,2926.39,3720.668,4534.706,2774.657
2019-05-08,2893.756,3667.457,4471.703,2729.087
2019-05-09,2850.953,3599.7,4400.122,2686.361
2019-05-10,2939.21,3730.451,4521.107,2747.758
2019-05-13,2903.713,3668.725,4480.791,2708.309
2019-05-14,2883.61,3645.15,4455.791,2694.45
2019-05-15,2938.678,3727.092,4535.731,2734.283
2019-05-16,2955.711,3743.963,4556.426,2750.761
2019-05-17,2882.296,3648.76,4441.824,2688.082
2019-05-20,2870.604,3617.792,4406.027,2674.788
2019-05-21,2905.968,3666.776,4490.169,2705.908
2019-05-22,2891.704,3649.379,4460.095,2697.214
2019-05-23,2852.515,3583.964,4403.775,2672.628
2019-05-24,2852.994,3593.913,4399.022,2667.355
2019-05-27,2892.378,3637.197,4449.315,2692.562
2019-05-28,2909.91,3672.26,4489.733,2709.281
2019-05-29,2914.696,3663.909,4477.011,2697.157
2019-05-30,2905.805,3641.183,4468.904,2693.035
2019-05-31,2898.696,3629.789,4469.512,2687.272
2019-06-03,2890.08,3632.012,4425.707,2673.741
2019-06-04,2862.28,3598.466,4377.469,2658.688
2019-06-05,2861.418,3597.105,4358.389,2659.626
2019-06-06,2827.797,3564.677,4303.801,2631.126
2019-06-10,2852.13,3610.743,4341.986,2656.274
2019-06-11,2925.716,3719.275,4460.801,2711.96
2019-06-12,2909.379,3691.095,4416.996,2695.524
2019-06-13,2910.74,3685.393,4402.203,2683.969
2019-06-14,2881.974,3654.879,4357.244,2662.749
2019-06-17,2887.622,3654.824,4355.131,2672.29
2019-06-18,2890.158,3667.618,4350.505,2669.301
2019-06-19,2917.802,3715.938,4373.749,2687.526
2019-06-20,2987.118,3828.518,4446.137,2730.795
2019-06-21,3001.98,3833.938,4449.95,2735.511
2019-06-24,3008.147,3841.265,4465.885,2745.206
2019-06-25,2982.073,3801.309,4413.815,2717.615
2019-06-26,2976.283,3794.331,4416.457,2724.66
2019-06-27,2996.792,3834.817,4438.916,2740.801
2019-06-28,2978.878,3825.587,4406.907,2727.715
2019-07-01,3044.902,3935.811,4486.765,2766.707
2019-07-02,3043.942,3937.169,4511.872,2781.126
2019-07-03,3015.263,3893.534,4501.219,2778.53
2019-07-04,3005.248,3873.101,4491.013,2774.729
2019-07-05,3011.058,3893.202,4508.121,2778.697
2019-07-08,2933.363,3802.789,4391.985,2704.71
2019-07-09,2928.229,3793.129,4404.033,2701.052
2019-07-10,2915.302,3786.739,4367.015,2680.788
2019-07-11,2917.76,3785.221,4360.974,2682.016
2019-07-12,2930.546,3808.731,4374.953,2687.679
2019-07-15,2942.185,3824.187,4400.413,2690.846
2019-07-16,2937.616,3806.844,4399.202,2694.47
2019-07-17,2931.692,3804.638,4394.823,2686.946
2019-07-18,2901.176,3768.401,4330.775,2655.382
2019-07-19,2924.2,3807.955,4356.663,2666.147
2019-07-22,2886.974,3781.683,4303.891,2638.955
2019-07-23,2899.944,3789.913,4324.948,2644.559
2019-07-24,2923.277,3819.832,4348.961,2665.875
2019-07-25,2937.36,3851.066,4361.796,2678.461
2019-07-26,2944.541,3858.568,4372.99,2689.524
2019-07-29,2941.007,3854.27,4368.119,2694.318
2019-07-30,2952.338,3870.317,4393.858,2710.31
2019-07-31,2932.505,3835.358,4350.954,2688.212
2019-08-01,2908.766,3803.469,4320.212,2670.101
2019-08-02,2867.837,3747.437,4253.139,2634.245
2019-08-05,2821.495,3675.688,4184.158,2586.307
2019-08-06,2777.555,3636.328,4109.813,2544.717
2019-08-07,2768.679,3621.431,4099.143,2538.025
2019-08-08,2794.552,3669.293,4129.196,2561.779
2019-08-09,2774.753,3633.529,4091.685,2550.41
2019-08-12,2814.994,3699.104,4151.973,2590.731
2019-08-13,2797.259,3665.751,4117.793,2568.426
2019-08-14,2808.914,3682.401,4138.504,2575.575
2019-08-15,2815.797,3694.0,4146.776,2586.251
2019-08-16,2823.823,3710.538,4151.948,2580.669
2019-08-19,2883.096,3791.094,4232.761,2630.57
2019-08-20,2880.001,3787.732,4230.376,2633.717
2019-08-21,2880.33,3781.757,4222.684,2633.225
2019-08-22,2883.435,3793.506,4220.395,2626.104
2019-08-23,2897.425,3820.863,4229.048,2636.143
2019-08-26,2863.567,3765.91,4181.744,2616.157
2019-08-27,2902.193,3816.945,4236.442,2648.2
2019-08-28,2893.756,3802.584,4240.369,2642.744
2019-08-29,2890.919,3790.186,4219.564,2628.149
2019-08-30,2886.236,3799.586,4196.773,2618.371
2019-09-02,2924.106,3848.319,4257.869,2648.099
2019-09-03,2930.153,3853.61,4265.145,2655.228
2019-09-04,2957.411,3886.001,4319.398,2694.982
2019-09-05,2985.864,3925.323,4343.921,2710.287
2019-09-06,2999.601,3948.507,4373.762,2725.39
2019-09-09,3024.738,3972.948,4401.274,2739.523
2019-09-10,3021.202,3959.265,4381.248,2725.691
2019-09-11,3008.811,3930.099,4365.517,2721.065
2019-09-12,3031.235,3972.379,4393.291,2742.391
2019-09-16,3030.754,3957.715,4393.729,2747.617
2019-09-17,2978.117,3891.22,4320.941,2705.909
2019-09-18,2985.658,3910.083,4346.586,2710.897
2019-09-19,2999.278,3924.382,4355.527,2716.578
2019-09-20,3006.446,3935.651,4367.623,2717.109
2019-09-23,2977.076,3890.661,4309.999,2690.932
2019-09-24,2985.34,3901.075,4312.85,2692.824
2019-09-25,2955.432,3870.983,4255.694,2656.672
2019-09-26,2929.087,3841.138,4227.694,2657.148
2019-09-27,2932.167,3852.653,4216.999,2644.753
2019-09-30,2905.189,3814.528,4193.894,2619.865
2019-10-08,2913.57,3837.679,4225.816,2636.078
2019-10-09,2924.856,3843.239,4262.855,2663.758
2019-10-10,2947.71,3874.639,4287.317,2676.849
2019-10-11,2973.655,3911.725,4312.579,2700.912
2019-10-14,3007.883,3953.241,4360.775,2729.8
2019-10-15,2991.045,3936.249,4330.187,2711.794
2019-10-16,2978.712,3922.685,4312.49,2705.256
2019-10-17,2977.334,3925.221,4298.544,2691.845
2019-10-18,2938.141,3869.377,4241.191,2660.598
2019-10-21,2939.617,3880.839,4257.18,2671.653
2019-10-22,2954.379,3895.88,4276.563,2676.527
2019-10-23,2941.618,3871.084,4258.827,2669.212
2019-10-24,2940.921,3870.667,4265.679,2673.024
2019-10-25,2954.932,3896.792,4289.398,2677.153
2019-10-28,2980.049,3926.585,4311.234,2687.753
2019-10-29,2954.176,3910.226,4282.057,2671.89
2019-10-30,2939.32,3891.225,4246.294,2642.306
2019-10-31,2929.056,3886.751,4220.221,2630.789
2019-11-01,2958.199,3952.387,4273.983,2658.893
2019-11-04,2975.491,3978.121,4283.271,2669.512
2019-11-05,2991.562,4002.812,4301.949,2680.752
2019-11-06,2978.595,3984.881,4270.668,2663.653
2019-11-07,2978.714,3991.874,4283.193,2665.173
2019-11-08,2964.184,3973.01,4274.701,2652.433
2019-11-11,2909.974,3902.978,4197.006,2604.882
2019-11-12,2914.823,3903.688,4208.515,2613.9
2019-11-13,2905.24,3899.981,4188.021,2599.681
2019-11-14,2909.869,3905.857,4189.982,2598.026
2019-11-15,2891.343,3877.089,4146.258,2580.143
2019-11-18,2909.2,3907.929,4188.182,2597.851
2019-11-19,2933.99,3947.039,4232.608,2621.906
2019-11-20,2911.053,3907.864,4198.801,2603.904
2019-11-21,2903.637,3889.598,4195.594,2606.101
2019-11-22,2885.288,3849.994,4180.086,2603.086
2019-11-25,2906.168,3878.206,4235.134,2638.896
2019-11-26,2907.06,3891.653,4226.166,2632.37
2019-11-27,2903.194,3875.618,4204.76,2625.479
2019-11-28,2889.693,3862.302,4191.528,2615.394
2019-11-29,2871.981,3828.67,4183.414,2611.535
2019-12-02,2875.807,3836.058,4197.952,2618.683
2019-12-03,2884.698,3851.087,4214.648,2626.067
2019-12-04,2878.115,3849.819,4193.253,2608.822
2019-12-05,2899.468,3879.363,4212.48,2618.631
2019-12-06,2912.013,3902.385,4219.051,2617.339
2019-12-09,2914.477,3895.446,4237.099,2636.052
2019-12-10,2917.315,3900.384,4234.707,2633.392
2019-12-11,2924.417,3902.749,4261.168,2652.146
2019-12-12,2915.698,3891.024,4266.672,2652.727
2019-12-13,2967.676,3968.221,4306.338,2679.251
2019-12-16,2984.392,3987.546,4338.628,2695.967
2019-12-17,3022.421,4041.799,4372.293,2719.163
2019-12-18,3017.044,4032.782,4363.925,2716.812
2019-12-19,3017.065,4027.149,4369.594,2716.922
2019-12-20,3004.937,4017.252,4349.854,2702.581
2019-12-23,2962.751,3967.096,4295.549,2669.488
2019-12-24,2982.68,3992.958,4319.645,2681.64
2019-12-25,2981.88,3990.867,4313.728,2679.681
2019-12-26,3007.354,4025.987,4362.726,2713.025
2019-12-27,3005.035,4022.027,4354.552,2709.195
2019-12-30,3040.023,4081.633,4412.57,2738.528
2019-12-31,3050.124,4096.582,4440.591,2751.422
2020-01-02,3085.197,4152.24,4503.087,2781.714
2020-01-03,3083.785,4144.964,4501.637,2779.454
2020-01-06,3083.408,4129.295,4485.778,2775.567
2020-01-07,3104.801,4160.227,4522.221,2794.122
2020-01-08,3066.892,4112.317,4469.477,2772.291
2020-01-09,3094.881,4164.369,4525.872,2798.616
2020-01-10,3092.29,4163.184,4508.797,2785.909
2020-01-13,3115.569,4203.988,4540.443,2800.859
2020-01-14,3106.82,4189.886,4545.163,2801.587
2020-01-15,3090.037,4166.734,4521.727,2788.18
2020-01-16,3074.081,4149.043,4498.103,2780.449
2020-01-17,3075.495,4154.853,4499.995,2781.847
2020-01-20,3095.787,4185.83,4505.394,2782.943
2020-01-21,3052.141,4114.308,4422.562,2728.502
2020-01-22,3060.754,4131.931,4438.048,2732.37
2020-01-23,2976.528,4003.901,4318.038,2657.881
2020-02-03,2746.605,3688.357,3933.385,2429.552
2020-02-04,2783.287,3785.637,4015.71,2473.132
2020-02-05,2818.087,3828.527,4062.176,2500.793
2020-02-06,2866.509,3899.775,4113.113,2520.012
2020-02-07,2875.963,3899.869,4127.115,2517.117
2020-02-10,2890.487,3916.005,4189.888,2556.263
2020-02-11,2901.674,3952.464,4204.231,2566.588
2020-02-12,2926.899,3984.432,4231.003,2575.322
2020-02-13,2906.073,3959.918,4205.112,2559.276
2020-02-14,2917.007,3987.734,4236.913,2576.28
2020-02-17,2983.622,4077.424,4324.798,2625.84
2020-02-18,2984.971,4057.51,4333.747,2621.546
2020-02-19,2975.401,4051.31,4316.454,2621.766
2020-02-20,3030.154,4144.656,4377.59,2660.527
2020-02-21,3039.669,4149.49,4394.183,2676.003
2020-02-24,3031.233,4132.838,4363.599,2656.868
2020-02-25,3013.05,4123.854,4320.083,2624.347
2020-02-26,2987.928,4073.015,4318.041,2631.992
2020-02-27,2991.328,4084.875,4323.534,2627.938
2020-02-28,2880.303,3940.048,4189.414,2549.531
2020-03-02,2970.931,4069.666,4354.648,2636.954
2020-03-03,2992.896,4091.361,4353.843,2640.207
2020-03-04,3011.665,4115.052,4409.942,2665.844
2020-03-05,3071.677,4206.725,4464.608,2690.052
2020-03-06,3034.511,4138.507,4411.636,2658.799
2020-03-09,2943.2907,3997.1325,4274.9411,2591.0869
2020-03-10,2996.7618,4082.7315,4351.1167,2631.2195
2020-03-11,2968.5174,4028.4289,4313.0862,2609.9967
2020-03-12,2923.4856,3950.9111,4235.8481,2574.5091
2020-03-13,2887.4265,3895.3128,4169.3959,2528.1069
2020-03-16,2789.2537,3727.8398,4040.0484,2464.5346
2020-03-17,2779.6407,3709.6822,4025.3744,2451.0349
2020-03-18,2728.7563,3636.2565,3967.0998,2411.7879
2020-03-19,2702.1296,3589.0926,3927.0576,2375.5311
2020-03-20,2745.6182,3653.2239,3981.6434,2400.1544
2020-03-23,2660.1674,3530.3058,3866.5652,2321.8496
2020-03-24,2722.4381,3625.1146,3962.0932,2375.1482
2020-03-25,2781.5913,3722.5181,4044.2634,2433.14
2020-03-26,2764.9109,3698.0472,4004.6053,2408.625
2020-03-27,2772.2033,3710.0605,4033.9435,2423.2269
2020-03-30,2747.2138,3674.1108,3982.0273,2399.8856
2020-03-31,2750.2962,3686.1551,3975.1352,2396.4396
2020-04-01,2734.5215,3675.0758,3950.9549,2379.588
2020-04-02,2780.6379,3734.5306,4005.2169,2413.143
2020-04-03,2763.9874,3713.2183,3984.0784,2399.9063
2020-04-07,2820.7634,3798.0214,4057.7078,2436.4952
2020-04-08,2815.3686,3780.3445,4054.2861,2432.9308
2020-04-09,2825.9036,3792.8105,4065.4533,2439.1605
2020-04-10,2796.6312,3769.1782,4023.0803,2414.74
2020-04-13,2783.0476,3753.2566,4012.5881,2408.8406
2020-04-14,2827.283,3825.6991,4063.7087,2433.0469
2020-04-15,2811.1741,3797.3623,4041.3918,2419.2541
2020-04-16,2819.935,3802.3806,4029.002,2414.5978
2020-04-17,2838.4945,3839.4871,4040.9176,2423.8204
2020-04-20,2852.5528,3853.4551,4064.3126,2426.4494
2020-04-21,2827.0133,3808.0474,4039.7047,2405.9557
2020-04-22,2843.9804,3839.3834,4056.4417,2410.4044
2020-04-23,2838.4994,3829.7525,4043.8565,2400.7811
2020-04-24,2808.5293,3796.9721,4019.4197,2382.5911
2020-04-27,2815.4947,3822.769,4042.9854,2392.8379
2020-04-28,2810.0243,3849.1465,4018.5063,2378.6058
2020-04-29,2822.4424,3867.032,4053.9494,2414.5526
2020-04-30,2860.0822,3912.5772,4090.1243,2451.3119
2020-05-06,2878.1402,3936.2539,4094.1991,2447.7081
2020-05-07,2871.5232,3924.8946,4100.4833,2453.7237
2020-05-08,2895.3444,3963.6217,4132.8085,2467.143
2020-05-11,2894.802,3960.1803,4134.9394,2465.5094
2020-05-12,2891.5564,3960.2378,4121.5079,2451.2028
2020-05-13,2898.0495,3968.2529,4125.9122,2452.4526
2020-05-14,2870.3422,3925.2177,4082.3725,2426.7698
2020-05-15,2868.4587,3912.8159,4067.6979,2419.776
2020-05-18,2875.4176,3922.9117,4064.5841,2418.3815
2020-05-19,2898.576,3956.2495,4089.5434,2430.7013
2020-05-20,2883.7378,3935.222,4057.0651,2413.1164
2020-05-21,2867.9237,3913.7949,4034.8766,2401.4948
2020-05-22,2813.7654,3824.064,3965.2171,2357.2576
2020-05-25,2817.9697,3829.3245,3985.3853,2367.028
2020-05-26,2846.5473,3872.7701,4016.3524,2376.3223
2020-05-27,2836.8036,3845.6135,4033.7463,2391.9783
2020-05-28,2846.2217,3856.6324,4026.004,2387.6269
2020-05-29,2852.3512,3867.0232,4002.1808,2364.2334
2020-06-01,2915.4311,3971.3402,4082.1947,2409.3278
2020-06-02,2921.398,3983.5677,4091.5298,2422.4598
2020-06-03,2923.3711,3983.6477,4091.7063,2425.4215
2020-06-04,2919.2506,3982.1851,4104.4761,2432.784
2020-06-05,2930.7993,4001.2509,4088.8884,2413.1219
2020-06-08,2937.7712,4021.9549,4092.0723,2428.4181
2020-06-09,2956.1116,4047.0293,4107.684,2433.7591
2020-06-10,2943.7525,4039.7051,4080.9793,2417.635
2020-06-11,2920.8968,3995.8846,4043.1587,2396.4089
2020-06-12,2919.7408,4003.0829,4035.6883,2396.6764
2020-06-15,2890.0306,3954.9883,4001.99,2368.909
2020-06-16,2931.7493,4014.5702,4070.1585,2405.4172
2020-06-17,2935.873,4017.5941,4076.7745,2412.5264
2020-06-18,2939.3151,4044.3842,4108.186,2428.0483
2020-06-19,2967.6341,4098.7095,4115.0278,2419.5175
2020-06-22,2965.2717,4102.0459,4083.9572,2405.7438
2020-06-23,2970.6203,4121.7944,4083.4126,2393.7634
2020-06-24,2979.5505,4138.9895,4082.3144,2392.8904
2020-06-29,2961.5164,4109.7164,4060.7957,2378.833
2020-06-30,2984.6741,4163.9637,4089.5372,2388.1612
2020-07-01,3025.981,4247.7835,4162.9478,2427.7045
2020-07-02,3090.5693,4335.8445,4256.9824,2477.3547
2020-07-03,3152.8126,4419.5955,4298.9479,2509.6281
2020-07-06,3332.8807,4670.0949,4526.0218,2659.0416
2020-07-07,3345.3369,4698.1264,4503.7753,2638.3517
2020-07-08,3403.4401,4774.0042,4556.2766,2664.7955
2020-07-09,3450.5935,4840.7712,4592.6054,2689.4934
2020-07-10,3383.3222,4753.1333,4487.6148,2604.997
2020-07-13,3443.2863,4852.9612,4608.9599,2667.5623
2020-07-14,3414.6186,4806.6902,4584.5846,2649.0803
2020-07-15,3361.3044,4744.4687,4498.9915,2594.814
2020-07-16,3210.0986,4516.2532,4355.2638,2520.1597
2020-07-17,3214.1287,4544.7007,4378.3546,2514.651
2020-07-20,3314.149,4680.3046,4568.2735,2616.2167
2020-07-21,3320.8947,4691.0425,4558.6545,2605.3898
2020-07-22,3333.1635,4714.4454,4553.9856,2606.3762
2020-07-23,3325.1102,4712.4357,4499.9809,2571.426
2020-07-24,3196.7684,4505.5906,4331.9042,2488.3621
2020-07-27,3205.2268,4528.45,4320.2699,2483.8126
2020-07-28,3227.9604,4568.2576,4361.5218,2502.254
2020-07-29,3294.5521,4679.008,4433.8222,2535.3121
2020-07-30,3286.822,4656.1506,4431.1343,2531.7022
2020-07-31,3310.0065,4695.0462,4468.8955,2552.7845
2020-08-03,3367.9658,4771.3108,4555.7665,2609.5176
2020-08-04,3371.6875,4775.8024,4568.5499,2606.3266
2020-08-05,3377.5648,4777.1089,4565.9072,2594.4507
2020-08-06,3386.4631,4762.7642,4564.0939,2608.2368
2020-08-07,3354.0352,4707.9262,4529.1729,2600.1921
2020-08-10,3379.2524,4724.8697,4587.9794,2631.3185
2020-08-11,3340.29,4681.7837,4541.7668,2610.0953
2020-08-12,3319.2656,4647.6446,4513.0017,2602.8214
2020-08-13,3320.7261,4635.7126,4529.9908,2623.4698
2020-08-14,3360.0988,4704.6288,4563.8757,2638.5212
2020-08-17,3438.801,4815.2261,4658.8365,2697.916
2020-08-18,3451.0894,4812.7564,4666.2255,2700.3356
2020-08-19,3408.1288,4740.6784,4621.7577,2685.2039
2020-08-20,3363.8988,4679.1544,4586.651,2668.4048
2020-08-21,3380.6825,4718.8431,4582.3947,2666.4304
2020-08-24,3385.6383,4755.8491,4608.7511,2669.7991
2020-08-25,3373.5781,4761.9507,4605.1796,2660.2859
2020-08-26,3329.7388,4706.1302,4528.4295,2616.6157
2020-08-27,3350.1128,4731.3451,4555.3381,2624.9076
2020-08-28,3403.8066,4844.2652,4635.4796,2661.107
2020-08-31,3395.6775,4816.2153,4610.9184,2644.0403
2020-09-01,3410.6068,4842.1223,4619.7309,2645.8878
2020-09-02,3404.8017,4843.887,4615.7821,2645.4297
2020-09-03,3384.9806,4817.0952,4608.6977,2633.8012
2020-09-04,3355.3666,4770.219,4595.5079,2615.9781
2020-09-07,3292.5907,4669.3677,4542.9461,2604.531
2020-09-08,3316.417,4694.3894,4569.3497,2620.9258
2020-09-09,3254.6279,4584.5887,4500.0898,2598.9175
2020-09-10,3234.8234,4581.9775,4458.3036,2580.5957
2020-09-11,3260.3461,4627.2826,4476.8604,2578.0256
2020-09-14,3278.8138,4651.0507,4496.2244,2585.4578
2020-09-15,3295.6795,4688.4826,4516.8913,2591.3114
2020-09-16,3283.9244,4657.3584,4515.3066,2596.3875
2020-09-17,3270.435,4632.7142,4532.6955,2598.7902
2020-09-18,3338.0897,4737.0887,4602.2442,2635.4695
2020-09-21,3316.9351,4691.4281,4574.1727,2622.3331
2020-09-22,3274.3015,4635.7608,4508.2597,2584.5404
2020-09-23,3279.7105,4652.3273,4514.7264,2588.1192
2020-09-24,3223.1764,4563.0657,4429.3824,2548.8912
2020-09-25,3219.4179,4570.0216,4403.5915,2539.5601
2020-09-28,3217.5346,4581.9085,4399.771,2547.2567
2020-09-29,3224.3593,4591.7993,4417.6347,2546.5382
2020-09-30,3218.0521,4587.3953,4395.7497,2537.4173
2020-10-09,3272.0762,4681.1412,4492.4739,2575.2059
2020-10-12,3358.4652,4823.1578,4603.8462,2621.1565
2020-10-13,3359.7499,4839.201,4612.9617,2613.363
2020-10-14,3340.7782,4807.1021,4612.2124,2606.2992
2020-10-15,3332.1832,4798.7361,4593.67,2593.1346
2020-10-16,3336.3582,4791.676,4605.4378,2599.0354
2020-10-19,3312.6671,4755.4879,4572.3537,2587.0403
2020-10-20,3328.1029,4793.4672,4576.6986,2583.7153
2020-10-21,3325.0247,4792.8284,4561.5778,2583.2806
2020-10-22,3312.5005,4777.9845,4524.9512,2568.656
2020-10-23,3277.9972,4718.4881,4488.6403,2558.607
2020-10-26,3251.1188,4691.2359,4495.5415,2545.4517
2020-10-27,3254.3157,4699.2792,4479.0469,2538.6463
2020-10-28,3269.238,4737.2718,4478.5753,2543.094
2020-10-29,3272.7274,4772.9198,4502.0625,2562.3377
2020-10-30,3224.5325,4695.3338,4433.7703,2543.8163
2020-11-02,3225.1196,4720.8313,4476.9854,2558.9908
2020-11-03,3271.0744,4777.5608,4532.8826,2580.8479
2020-11-04,3277.4402,4813.6564,4558.1244,2603.9241
2020-11-05,3320.1333,4885.1118,4636.8434,2647.8717
2020-11-06,3312.159,4885.7178,4644.214,2669.7392
2020-11-09,3373.7337,4981.3497,4720.2692,2718.9837
2020-11-10,3360.1485,4953.8756,4705.1057,2703.9483
2020-11-11,3342.2025,4904.8981,4726.2945,2716.2478
2020-11-12,3338.6788,4908.463,4752.8383,2735.8825
2020-11-13,3310.1046,4856.8513,4721.1943,2714.0466
2020-11-16,3346.9692,4904.1716,4819.8287,2767.1957
2020-11-17,3339.895,4894.786,4852.2649,2778.7937
2020-11-18,3347.3034,4891.6716,4870.8953,2792.3076
2020-11-19,3363.0876,4927.9891,4850.4348,2770.055
2020-11-20,3377.7267,4943.2882,4875.3424,2787.7536
2020-11-23,3414.4899,5005.0273,4943.5634,2828.4436
2020-11-24,3402.8225,4974.2855,4924.3242,2820.4847
2020-11-25,3362.3274,4910.7,4856.1272,2786.7697
2020-11-26,3369.7334,4919.5912,4837.0044,2784.9372
2020-11-27,3408.3071,4980.765,4871.0568,2807.0047
2020-11-30,3391.7551,4960.2519,4817.8177,2768.1794
2020-12-01,3451.9384,5067.0983,4883.2179,2789.8163
2020-12-02,3449.3805,5067.1447,4891.2809,2785.9074
2020-12-03,3442.1359,5057.0603,4856.698,2761.4476
2020-12-04,3444.5814,5065.9163,4849.947,2748.2891
2020-12-07,3416.6037,5022.2351,4800.9369,2707.557
2020-12-08,3410.1771,5009.8786,4786.7612,2701.2358
2020-12-09,3371.964,4942.6986,4727.4821,2663.574
2020-12-10,3373.2758,4940.5249,4735.4139,2664.4076
2020-12-11,3347.191,4889.6292,4706.9426,2669.4362
2020-12-14,3369.1201,4934.8352,4674.2224,2636.2218
2020-12-15,3367.2326,4945.1,4664.899,2627.4363
2020-12-16,3366.9832,4953.867,4645.7717,2624.0391
2020-12-17,3404.8732,5017.4784,4692.568,2650.7283
2020-12-18,3394.896,4999.9678,4713.2918,2670.549
2020-12-21,3420.5693,5046.8396,4728.4945,2676.0009
2020-12-22,3356.7822,4964.7727,4620.2651,2612.2127
2020-12-23,3382.3195,5007.1235,4622.761,2619.9303
2020-12-24,3363.1133,5000.0154,4580.1054,2605.4405
2020-12-25,3396.5626,5042.0137,4612.8617,2615.9199
2020-12-28,3397.2854,5064.4147,4582.1406,2603.0641
2020-12-29,3379.0362,5042.9361,4543.6309,2579.4125
2020-12-30,3414.4527,5113.7105,4562.0025,2585.1822
2020-12-31,3473.0693,5211.2885,4595.5919,2594.9893
2021-01-04,3502.9584,5267.7181,4611.3054,2593.4162
2021-01-05,3528.6767,5368.5049,4621.5191,2578.0706
2021-01-06,3550.8767,5417.6677,4632.2019,2580.5486
2021-01-07,3576.2046,5513.6568,4600.7744,2568.7542
2021-01-08,3570.1082,5495.4306,4614.1771,2578.9444
2021-01-11,3531.4978,5441.1583,4562.9926,2545.1088
2021-01-12,3608.3389,5596.3525,4600.2092,2567.397
2021-01-13,3598.6518,5577.9711,4593.3933,2572.8004
2021-01-14,3565.9046,5470.4563,4576.9088,2569.3993
2021-01-15,3566.3778,5458.0812,4603.7158,2584.9128
2021-01-18,3596.2237,5518.5205,4638.6807,2601.7505
2021-01-19,3566.3814,5437.5234,4663.3179,2610.8915
2021-01-20,3583.092,5476.4336,4656.5359,2602.8624
2021-01-21,3621.2641,5564.9693,4676.9502,2610.6691
2021-01-22,3606.7496,5569.776,4626.2076,2580.6895
2021-01-25,3624.2381,5625.9232,4559.4781,2544.1449
2021-01-26,3569.429,5512.9678,4530.2734,2536.1953
2021-01-27,3573.3412,5528.0034,4533.9075,2533.3479
2021-01-28,3505.1759,5377.1427,4469.6817,2505.337
2021-01-29,3483.0692,5351.9646,4431.6174,2483.4996
2021-02-01,3505.2836,5417.6484,4482.1023,2504.4403
2021-02-02,3533.6849,5501.0915,4512.3273,2510.206
2021-02-03,3517.308,5485.2008,4475.7413,2487.5868
2021-02-04,3501.8592,5473.9475,4431.3025,2472.3239
2021-02-05,3496.3329,5483.414,4447.2495,2490.7074
2021-02-08,3532.4467,5564.5618,4492.1841,2505.1658
2021-02-09,3603.489,5686.2502,4548.4678,2521.7273
2021-02-10,3655.088,5807.7191,4581.2664,2535.1329
2021-02-18,3675.3571,5768.3814,4692.4479,2608.957
2021-02-19,3696.168,5778.842,4774.448,2661.5495
2021-02-22,3642.4449,5597.3327,4826.0832,2701.3656
2021-02-23,3636.3573,5579.6681,4789.9579,2675.6979
2021-02-24,3564.0799,5437.5683,4737.7627,2642.5939
2021-02-25,3585.0458,5469.5584,4805.2054,2687.7277
2021-02-26,3509.0804,5336.7609,4705.6248,2629.7573
2021-03-01,3551.3998,5418.7837,4801.196,2673.5864
2021-03-02,3508.5912,5349.6301,4759.4813,2652.716
2021-03-03,3576.9045,5452.2125,4870.2766,2723.6448
2021-03-04,3503.4916,5280.7058,4832.9155,2717.5662
2021-03-05,3501.9867,5262.7958,4802.386,2691.7957
2021-03-08,3421.4141,5080.0246,4760.4053,2674.6732
2021-03-09,3359.292,4970.9994,4721.3376,2671.7419
2021-03-10,3357.7372,5003.6121,4696.0511,2650.0008
2021-03-11,3436.8313,5128.2156,4803.3034,2703.121
2021-03-12,3453.0777,5146.3786,4843.1182,2729.9548
2021-03-15,3419.9456,5035.5441,4854.5476,2754.3278
2021-03-16,3446.7334,5079.3624,4886.4327,2761.0501
2021-03-17,3445.5509,5100.8581,4863.2756,2746.2422
2021-03-18,3463.0681,5141.7681,4880.9697,2744.9712
2021-03-19,3404.6634,5007.0907,4832.374,2725.7858
2021-03-22,3443.4392,5057.152,4898.5712,2756.5556
2021-03-23,3411.5088,5009.2459,4828.3428,2727.005
2021-03-24,3367.0606,4928.6853,4753.1943,2680.4464
2021-03-25,3363.5915,4926.3469,4735.6196,2682.6495
2021-03-26,3418.3267,5037.9899,4794.539,2718.1417
2021-03-29,3435.2958,5046.8773,4848.197,2755.9194
2021-03-30,3456.6766,5094.7291,4841.7385,2752.0495
2021-03-31,3441.9115,5048.3607,4827.1964,2744.5606
2021-04-01,3466.3315,5110.7768,4865.1097,2764.8029
2021-04-02,3484.3924,5161.5569,4836.8336,2733.0174
2021-04-06,3482.9674,5140.3418,4857.8954,2742.7586
2021-04-07,3479.6256,5103.7428,4899.5453,2769.2951
2021-04-08,3482.5548,5112.2086,4888.8475,2765.1897
2021-04-09,3450.6772,5035.3374,4893.5398,2769.9299
2021-04-12,3412.9477,4947.7459,4871.1468,2773.0779
2021-04-13,3396.47,4939.6438,4828.8053,2741.7224
2021-04-14,3416.7212,4980.6279,4864.066,2754.2234
2021-04-15,3398.9875,4948.9741,4869.2945,2760.1687
2021-04-16,3426.6178,4966.1811,4928.3477,2799.6772
2021-04-19,3477.5485,5087.0165,4958.2629,2807.3544
2021-04-20,3472.9427,5083.3654,4955.3885,2798.1936
2021-04-21,3472.9298,5098.7449,4950.1738,2786.962
2021-04-22,3465.1138,5089.2435,4971.0541,2794.717
2021-04-23,3474.166,5135.4534,4956.2111,2793.0756
2021-04-26,3441.1658,5077.2372,4921.2913,2777.4078
2021-04-27,3442.6111,5090.5195,4922.7051,2771.4619
2021-04-28,3457.0683,5119.2421,4952.5541,2777.7884
2021-04-29,3474.9011,5164.1692,4981.2588,2796.1117
2021-04-30,3446.8564,5123.489,4956.5014,2761.1283
2021-05-06,3441.2826,5061.1244,5029.4069,2810.7062
2021-05-07,3418.8741,4996.0527,5037.8662,2836.7121
2021-05-10,3427.9909,4992.422,5080.8989,2878.2638
2021-05-11,3441.8454,5023.0595,5033.7481,2851.5132
2021-05-12,3462.7513,5044.5481,5080.3761,2866.4381
2021-05-13,3429.5361,4992.9738,5016.7159,2813.1919
2021-05-14,3490.3762,5110.5901,5051.4249,2820.7226
2021-05-17,3517.6158,5184.9853,5043.012,2812.2098
2021-05-18,3529.0144,5187.6013,5070.8467,2828.6551
2021-05-19,3510.9647,5172.272,5068.8477,2805.418
2021-05-20,3506.9444,5186.412,4994.9079,2767.7302
2021-05-21,3486.5569,5134.1483,5009.7341,2779.1536
2021-05-24,3497.2821,5155.5875,5042.4622,2786.0309
2021-05-25,3581.3418,5318.478,5105.8706,2827.7102
2021-05-26,3593.357,5320.5927,5136.1392,2847.9906
2021-05-27,3608.8507,5338.2329,5152.8065,2851.6205
2021-05-28,3600.7844,5321.0886,5160.2055,2852.4864
2021-05-31,3615.4773,5331.5696,5204.7303,2869.9625
2021-06-01,3624.7138,5341.6798,5236.0795,2899.5828
2021-06-02,3597.1379,5289.9736,5209.298,2879.4973
2021-06-03,3584.2121,5255.2855,5205.2785,2901.8671
2021-06-04,3591.8447,5282.2772,5179.9914,2873.4187
2021-06-07,3599.541,5277.6271,5170.731,2878.0844
2021-06-08,3580.1063,5232.1165,5142.3618,2851.0052
2021-06-09,3591.3965,5236.4493,5157.3776,2872.3022
2021-06-10,3610.859,5271.4661,5169.6907,2878.3909
2021-06-11,3589.7481,5224.703,5147.6327,2880.5771
2021-06-15,3556.559,5166.5597,5105.4489,2865.0417
2021-06-16,3518.3292,5080.4909,5038.7454,2842.7713
2021-06-17,3525.6042,5101.8924,5029.8193,2836.9382
2021-06-18,3525.0968,5102.4657,5009.934,2818.4044
2021-06-21,3529.1826,5090.3854,5036.6107,2825.4756
2021-06-22,3557.412,5122.1583,5096.1971,2866.1976
2021-06-23,3566.2199,5147.3938,5168.7381,2920.7202
2021-06-24,3566.6539,5155.9738,5163.1286,2919.603
2021-06-25,3607.5618,5239.9684,5185.6348,2941.8725
2021-06-28,3606.3722,5251.7604,5143.8309,2885.4392
2021-06-29,3573.1779,5190.5445,5136.9878,2862.6392
2021-06-30,3591.197,5224.041,5153.3965,2874.4237
2021-07-01,3588.7816,5229.6642,5129.8208,2868.524
2021-07-02,3518.7595,5081.1172,5095.1268,2839.3023
2021-07-05,3534.3222,5085.7924,5102.9435,2844.1304
2021-07-06,3530.2589,5083.1043,5093.2563,2839.0087
2021-07-07,3553.7155,5140.4899,5097.0188,2833.1749
2021-07-08,3525.5039,5088.2566,4999.3961,2774.0932
2021-07-09,3524.0881,5069.4361,5041.7975,2798.8524
2021-07-12,3547.8362,5132.7088,5077.1501,2807.8175
2021-07-13,3566.5225,5142.0991,5110.6191,2833.4907
2021-07-14,3528.5011,5083.0849,5076.1542,2833.2088
2021-07-15,3564.5902,5151.4626,5102.5826,2870.0872
2021-07-16,3539.3038,5094.7727,5107.8824,2869.7212
2021-07-19,3539.1225,5113.4945,5096.5915,2852.2528
2021-07-20,3536.7905,5108.9941,5079.3166,2835.6193
2021-07-21,3562.6611,5144.0428,5078.7577,2827.8686
2021-07-22,3574.7344,5151.7517,5134.3525,2852.2425
2021-07-23,3550.3964,5089.2282,5054.1009,2818.0242
2021-07-26,3467.4409,4925.299,4951.1313,2758.8389
2021-07-27,3381.1833,4751.313,4803.4369,2697.7168
2021-07-28,3361.5895,4760.4826,4750.0305,2670.4316
2021-07-29,3411.724,4850.2746,4799.0508,2686.0526
2021-07-30,3397.3574,4811.1695,4858.4323,2719.2849
2021-08-02,3464.2854,4933.736,4870.7121,2691.411
2021-08-03,3447.9914,4934.4583,4812.4302,2652.1339
2021-08-04,3477.2186,4978.8479,4886.6957,2685.1289
2021-08-05,3466.5491,4948.6703,4856.8873,2662.8066
2021-08-06,3458.2277,4921.5647,4882.5564,2677.7427
2021-08-09,3494.6348,4985.5627,4950.7131,2715.0285
2021-08-10,3529.9309,5043.148,4959.3887,2716.7008
2021-08-11,3532.6213,5015.3406,5036.9275,2770.8098
2021-08-12,3524.7374,4973.3509,5101.5779,2804.1301
2021-08-13,3516.2989,4945.9829,5108.1028,2795.5837
2021-08-16,3517.3447,4941.0676,5108.3711,2801.8651
2021-08-17,3446.976,4837.4034,5011.6733,2763.2649
2021-08-18,3485.2859,4894.2384,5043.6715,2780.0439
2021-08-19,3465.5546,4862.1394,5014.928,2770.7176
2021-08-20,3427.3338,4769.2678,5022.0882,2784.5354
2021-08-23,3477.1321,4835.8782,5080.2207,2801.7733
2021-08-24,3514.471,4888.3902,5122.6226,2823.9406
2021-08-25,3540.3837,4898.1572,5184.7879,2856.3638
2021-08-26,3501.6643,4801.6094,5205.1769,2895.8766
2021-08-27,3522.1567,4827.0433,5240.6388,2921.7954
2021-08-30,3528.1512,4813.2703,5271.5155,2944.7292
2021-08-31,3543.9402,4805.6099,5385.9776,3017.0158
2021-09-01,3567.1008,4869.4587,5361.02,3010.3874
2021-09-02,3597.0426,4869.4113,5448.119,3076.4034
2021-09-03,3581.7344,4843.0624,5431.9273,3067.4447
2021-09-06,3621.8593,4933.7262,5482.7048,3095.1901
2021-09-07,3676.5866,4992.8294,5592.5496,3172.3096
2021-09-08,3675.1865,4972.1324,5639.6195,3215.8021
2021-09-09,3693.1296,4970.0133,5746.5065,3302.4055
2021-09-10,3703.1103,5013.5219,5668.778,3244.1807
2021-09-13,3715.3723,4991.6598,5772.5134,3319.7688
2021-09-14,3662.6015,4917.1617,5670.9439,3244.0943
2021-09-15,3656.2232,4867.3187,5687.3106,3226.9886
2021-09-16,3607.0922,4807.6978,5601.5444,3206.8496
2021-09-17,3613.9663,4855.9402,5496.1389,3130.4047
2021-09-22,3628.4897,4821.7675,5574.2948,3187.447
2021-09-23,3642.2204,4853.1957,5581.6786,3168.8863
2021-09-24,3613.0673,4849.4277,5404.9915,3059.125
2021-09-27,3582.8307,4877.3698,5251.9312,2977.7531
2021-09-28,3602.2184,4883.828,5335.0436,3060.1557
2021-09-29,3536.2944,4833.9281,5166.0006,2962.2649
2021-09-30,3568.1668,4866.3826,5245.3479,2982.2243
2021-10-08,3592.1666,4929.9409,5244.4434,2969.3898
2021-10-11,3591.7087,4936.1918,5275.2232,3014.0215
2021-10-12,3546.9362,4883.8369,5187.6337,2972.967
2021-10-13,3561.7623,4940.1089,5151.1249,2930.966
2021-10-14,3558.2795,4913.6123,5130.9031,2913.7806
2021-10-15,3572.3662,4932.1084,5143.6428,2933.653
2021-10-18,3568.1379,4874.7753,5220.437,2984.4016
2021-10-19,3593.1533,4922.7232,5257.3297,2993.8966
2021-10-20,3587.0009,4910.1846,5205.6618,2927.1831
2021-10-21,3594.7831,4928.0156,5243.4528,2958.743
2021-10-22,3582.6036,4959.7254,5149.8551,2892.1774
2021-10-25,3609.8626,4979.5235,5155.3052,2888.5906
2021-10-26,3597.6377,4963.0984,5132.1961,2866.1963
2021-10-27,3562.3052,4898.1644,5054.6222,2808.8787
2021-10-28,3518.4166,4864.138,4940.0066,2736.3612
2021-10-29,3547.3361,4908.7701,4964.6733,2739.7867
2021-11-01,3544.4795,4890.6851,4990.2494,2749.3359
2021-11-02,3505.6283,4839.8457,4888.5758,2697.6189
2021-11-03,3498.5368,4821.1119,4952.7069,2740.7407
2021-11-04,3526.8657,4868.7419,4954.035,2729.08
2021-11-05,3491.5677,4842.3458,4881.9479,2683.0292
2021-11-08,3498.6308,4848.1795,4912.0163,2687.1842
2021-11-09,3507.0018,4846.7444,4937.5171,2673.6534
2021-11-10,3492.4616,4821.1925,4932.4344,2672.2394
2021-11-11,3532.7858,4898.6529,5005.169,2717.2562
2021-11-12,3539.1002,4888.3749,4970.9613,2699.4395
2021-11-15,3533.3026,4882.3777,4979.0,2706.7989
2021-11-16,3521.7867,4883.3206,4951.6303,2685.2
2021-11-17,3537.3662,4885.7544,4992.9592,2695.9027
2021-11-18,3520.7106,4837.6185,4989.2881,2691.696
2021-11-19,3560.3734,4890.0575,5059.4292,2730.8143
2021-11-22,3582.0797,4912.399,5067.4266,2724.5395
2021-11-23,3589.0894,4913.3457,5095.6041,2739.758
2021-11-24,3592.7025,4916.6579,5120.1412,2774.7038
2021-11-25,3584.1788,4896.4416,5097.9714,2759.1938
2021-11-26,3564.0894,4860.1265,5061.096,2724.0852
2021-11-29,3562.6968,4851.423,5029.2862,2695.3834
2021-11-30,3563.8872,4832.026,5044.1175,2685.5401
2021-12-01,3576.8853,4843.851,5103.4783,2724.3225
2021-12-02,3573.8358,4856.163,5114.324,2735.7926
2021-12-03,3607.4322,4901.0175,5150.0489,2769.0365
2021-12-06,3589.3061,4892.6209,5092.9239,2753.0393
2021-12-07,3595.0882,4922.1015,5119.5989,2781.7152
2021-12-08,3637.5675,4995.9298,5124.2078,2772.4794
2021-12-09,3673.0412,5078.6901,5130.746,2780.9043
2021-12-10,3666.3479,5055.1172,5118.5648,2766.6604
2021-12-13,3681.082,5083.8007,5117.0872,2768.7744
2021-12-14,3661.5253,5049.6953,5064.5912,2738.0764
2021-12-15,3647.6303,5005.8991,5087.3927,2743.2371
2021-12-16,3675.016,5034.7321,5162.8637,2782.5404
2021-12-17,3632.3638,4954.7599,5129.7383,2766.7127
2021-12-20,3593.6019,4880.4178,5084.1384,2742.4209
2021-12-21,3625.1251,4913.4853,5186.4851,2788.7296
2021-12-22,3622.6178,4914.4544,5166.8515,2783.1335
2021-12-23,3643.3391,4948.7389,5186.9166,2787.7516
2021-12-24,3618.0535,4921.3449,5156.0637,2776.982
2021-12-27,3615.9741,4919.3238,5186.5718,2789.166
2021-12-28,3630.1115,4955.9644,5160.6195,2769.865
2021-12-29,3597.0002,4883.4804,5145.0328,2757.5033
2021-12-30,3619.1886,4921.5109,5158.3534,2759.8474
2021-12-31,3639.7754,4940.3733,5209.9023,2792.7032
2022-01-04,3632.3289,4917.7653,5272.7556,2837.4245
2022-01-05,3595.1761,4868.1202,5258.0069,2824.3183
2022-01-06,3586.0792,4818.2318,5281.6173,2841.9657
2022-01-07,3579.5427,4822.3689,5296.2818,2842.1185
2022-01-10,3593.5187,4844.0451,5347.8286,2867.1226
2022-01-11,3567.4409,4797.7735,5371.9026,2890.1927
2022-01-12,3597.4321,4845.5787,5347.7161,2878.1217
2022-01-13,3555.2585,4765.9191,5331.4973,2870.6124
2022-01-14,3521.2559,4726.7317,5235.9777,2826.0698
2022-01-17,3541.666,4767.2762,5251.1609,2830.5658
2022-01-18,3569.9144,4813.3472,5303.1783,2858.5792
2022-01-19,3558.1796,4780.3784,5338.3387,2869.405
2022-01-20,3555.0629,4823.5091,5318.1383,2853.7955
2022-01-21,3522.5679,4779.3142,5276.7259,2842.0955
2022-01-24,3524.105,4786.7377,5252.3922,2829.2854
2022-01-25,3433.0612,4678.4511,5070.7303,2739.7238
2022-01-26,3455.6679,4712.3109,5102.6572,2750.9613
2022-01-27,3394.2474,4619.8765,5033.8934,2727.2699
2022-01-28,3361.4397,4563.772,5009.7414,2721.7202
2022-02-07,3429.5809,4634.0899,5140.6036,2794.5542
2022-02-08,3452.6288,4608.7729,5254.5345,2864.4286
2022-02-09,3479.9458,4652.0609,5278.9268,2871.9561
2022-02-10,3485.9071,4639.8625,5336.1947,2912.8893
2022-02-11,3462.9479,4601.3953,5325.3022,2910.3403
2022-02-14,3428.8821,4551.6878,5242.9059,2866.6326
2022-02-15,3446.0885,4600.1025,5221.0933,2852.2704
2022-02-16,3465.8305,4617.9893,5268.1763,2872.0101
2022-02-17,3468.0354,4629.1649,5244.6059,2858.5953
2022-02-18,3490.7573,4651.2358,5345.1594,2915.9527
2022-02-21,3490.6123,4634.3141,5379.5403,2931.6022
2022-02-22,3457.146,4574.1527,5334.1764,2918.1217
2022-02-23,3489.1465,4623.0465,5319.447,2905.0324
2022-02-24,3429.9564,4529.3189,5216.4932,2868.0073
2022-02-25,3451.4061,4573.4247,5215.192,2856.3324
2022-02-28,3462.3064,4581.6459,5219.1452,2866.9046
2022-03-01,3488.8347,4619.6862,5263.5754,2896.6656
2022-03-02,3484.1916,4578.6007,5298.648,2928.572
2022-03-03,3481.1125,4551.6283,5355.0094,2965.5
2022-03-04,3447.649,4496.4301,5329.2221,2957.9249
2022-03-07,3372.8552,4352.7775,5271.5195,2931.7486
2022-03-08,3293.5301,4265.391,5090.0852,2834.6719
2022-03-09,3256.3884,4226.3463,5024.8136,2809.2263
2022-03-10,3296.0922,4292.8374,5087.3541,2835.13
2022-03-11,3309.7467,4306.5217,5120.3066,2865.4792
2022-03-14,3223.5328,4174.7577,5009.3136,2818.0002
2022-03-15,3063.9652,3983.812,4699.8654,2650.5839
2022-03-16,3170.7103,4156.081,4811.543,2715.9354
2022-03-17,3215.0445,4237.6956,4896.5771,2748.9548
2022-03-18,3251.0724,4265.9017,5025.4993,2825.1631
2022-03-21,3253.6857,4258.7459,5046.455,2841.4001
2022-03-22,3259.8619,4255.295,5131.9307,2895.9051
2022-03-23,3271.0325,4276.5174,5145.7513,2890.213
2022-03-24,3250.2644,4251.3061,5128.4379,2896.4366
2022-03-25,3212.2399,4174.5742,5124.2886,2898.3755
2022-03-28,3214.5027,4148.4663,5187.1653,2937.9116
2022-03-29,3203.9393,4134.1441,5177.7105,2942.4751
2022-03-30,3266.5959,4254.0989,5244.3886,2963.6145
2022-03-31,3252.2029,4222.5968,5303.2837,3003.0163
2022-04-01,3282.7166,4276.158,5357.4278,3025.7796
2022-04-06,3283.4261,4263.8411,5447.7716,3076.4268
2022-04-07,3236.6951,4209.0998,5342.5239,3016.8233
2022-04-08,3251.8502,4230.7669,5399.535,3042.4059
2022-04-11,3167.1259,4100.0703,5280.0061,2992.9264
2022-04-12,3213.3295,4179.9727,5264.8159,2989.8848
2022-04-13,3186.8244,4139.737,5254.4667,3004.0513
2022-04-14,3225.6412,4191.5684,5379.7854,3061.9175
2022-04-15,3211.2448,4188.7472,5347.8981,3027.9291
2022-04-18,3195.524,4166.3844,5276.5601,2960.7825
2022-04-19,3194.0287,4134.9017,5338.5267,3012.3946
2022-04-20,3151.0498,4070.7889,5182.9115,2914.5711
2022-04-21,3079.8077,3995.83,5062.8475,2856.3047
2022-04-22,3086.9193,4013.2498,5128.399,2896.1094
2022-04-25,2928.5118,3814.9127,4859.1573,2763.2782
2022-04-26,2886.4257,3784.1198,4766.7064,2728.6213
2022-04-27,2958.282,3895.5361,4820.5909,2768.5851
2022-04-28,2975.4848,3921.1073,4883.1703,2813.2838
2022-04-29,3047.0624,4016.241,5019.2283,2852.2784
2022-05-05,3067.7587,4010.2102,5052.006,2842.3333
2022-05-06,3001.5605,3908.815,4921.834,2757.4339
2022-05-09,3004.1409,3877.4364,4934.0392,2756.0598
2022-05-10,3035.8442,3919.8684,4930.6719,2748.5627
2022-05-11,3058.7027,3976.4231,4923.273,2747.3251
2022-05-12,3054.994,3958.74,4911.5352,2733.7633
2022-05-13,3084.2845,3988.6002,5028.3112,2795.7616
2022-05-16,3073.7488,3956.5378,5078.7809,2833.5227
2022-05-17,3093.6965,4005.8934,5040.8226,2831.3795
2022-05-18,3085.9768,3991.9069,5006.19,2797.6097
2022-05-19,3096.9648,3999.5984,5024.2502,2803.4355
2022-05-20,3146.5673,4077.5998,5070.655,2840.1026
2022-05-23,3146.8573,4053.9823,5084.9867,2840.4946
2022-05-24,3070.9272,3959.1541,4951.5297,2788.2687
2022-05-25,3107.4641,3983.1784,5031.2878,2823.7462
2022-05-26,3123.1079,3993.0446,5081.9916,2863.8445
2022-05-27,3130.2394,4001.2988,5074.4263,2860.156
2022-05-30,3149.0607,4029.0179,5072.0614,2840.7047
2022-05-31,3186.4271,4091.5176,5070.5271,2842.805
2022-06-01,3182.1566,4083.1772,5093.2163,2852.6916
2022-06-02,3195.458,4089.5682,5054.2338,2828.9718
2022-06-06,3236.3719,4166.085,5073.1216,2834.1792
2022-06-07,3241.7635,4179.1285,5087.4234,2843.4572
2022-06-08,3263.7934,4219.8122,5125.1709,2879.1137
2022-06-09,3238.9543,4175.6747,5100.7594,2885.3164
2022-06-10,3284.8341,4238.9936,5134.1267,2902.2733
2022-06-13,3255.5511,4189.3527,5071.6427,2855.5223
2022-06-14,3288.9066,4222.3114,5143.2939,2894.291
2022-06-15,3305.4066,4278.2178,5137.3642,2887.5294
2022-06-16,3285.3845,4250.0614,5058.3695,2831.1294
2022-06-17,3316.7857,4309.0444,5056.8537,2827.0873
2022-06-20,3315.4302,4330.4328,5035.0745,2803.1603
2022-06-21,3306.7186,4325.5657,5037.4703,2810.2987
2022-06-22,3267.2016,4270.6227,4970.5763,2768.9362
2022-06-23,3320.1487,4343.8781,5039.9466,2802.6609
2022-06-24,3349.747,4394.7723,5033.9618,2801.3355
2022-06-27,3379.1852,4444.2639,5079.5629,2830.2793
2022-06-28,3409.2103,4490.5166,5125.1371,2856.3272
2022-06-29,3361.5177,4421.357,5091.243,2862.9825
2022-06-30,3398.6161,4485.0108,5106.4698,2878.924
2022-07-01,3387.6373,4466.7179,5125.9429,2886.2391
2022-07-04,3405.4267,4496.0303,5143.8105,2892.2801
2022-07-05,3404.0252,4489.5383,5151.2179,2907.1514
2022-07-06,3355.3497,4423.9698,5050.6118,2835.1113
2022-07-07,3364.398,4443.4736,5081.066,2839.3213
2022-07-08,3356.0778,4428.781,5070.861,2825.7825
2022-07-11,3313.584,4354.6167,4997.901,2790.5751
2022-07-12,3281.4665,4313.6184,4997.9361,2806.9443
2022-07-13,3284.2918,4321.4617,5004.2743,2802.4426
2022-07-14,3281.744,4322.0742,4937.89,2760.272
2022-07-15,3228.0609,4248.5273,4813.9362,2691.3617
2022-07-18,3278.1033,4292.5858,4932.1107,2756.4999
2022-07-19,3279.4313,4269.3401,4951.3882,2762.1635
2022-07-20,3304.7243,4283.8027,4968.2179,2767.6594
2022-07-21,3272.0012,4236.0578,4896.2076,2710.9184
2022-07-22,3269.9739,4238.2341,4874.2956,2698.0431
2022-07-25,3250.388,4212.6441,4869.8414,2704.2069
2022-07-26,3277.4356,4245.9758,4938.786,2743.2445
2022-07-27,3275.7553,4225.0357,4943.2277,2744.0075
2022-07-28,3282.5758,4225.6733,4962.8899,2751.6126
2022-07-29,3253.2382,4170.1019,4921.7183,2724.9298
2022-08-01,3259.9585,4188.6784,4937.8859,2734.5575
2022-08-02,3186.2664,4107.024,4798.7797,2671.4051
2022-08-03,3163.6741,4066.9754,4736.1082,2638.1124
2022-08-04,3189.0391,4101.5367,4762.2823,2644.8638
2022-08-05,3227.0267,4156.9111,4797.1442,2651.2118
2022-08-08,3236.9337,4148.0746,4873.2309,2682.6413
2022-08-09,3247.4318,4156.2907,4883.649,2701.4373
2022-08-10,3230.02,4109.7373,4862.6151,2685.1313
2022-08-11,3281.6654,4193.5428,4923.7214,2714.2213
2022-08-12,3276.8877,4191.152,4957.3534,2737.3478
2022-08-15,3276.087,4185.6794,4969.8452,2749.9807
2022-08-16,3277.8847,4177.837,4996.1046,2759.636
2022-08-17,3292.526,4216.9586,5012.0491,2767.7657
2022-08-18,3277.5438,4180.0996,4969.3372,2742.9936
2022-08-19,3258.0784,4151.0738,5006.9979,2769.0986
2022-08-22,3277.7943,4181.3965,5050.9213,2791.9271
2022-08-23,3276.2234,4161.0823,5075.6273,2804.5345
2022-08-24,3215.2033,4082.4195,4984.4626,2759.6905
2022-08-25,3246.2481,4116.2396,5073.6245,2822.0989
2022-08-26,3236.2226,4107.5455,5051.2158,2801.6944
2022-08-29,3240.7275,4089.5205,5090.8457,2822.903
2022-08-30,3227.2203,4075.7937,5060.863,2796.701
2022-08-31,3202.1378,4078.8402,5009.623,2777.3371
2022-09-01,3184.9797,4043.7395,5043.0279,2805.5928
2022-09-02,3186.4781,4023.6131,5040.1258,2800.1531
2022-09-05,3199.9118,4015.4264,5115.8301,2855.733
2022-09-06,3243.4466,4052.2802,5201.739,2902.9623
2022-09-07,3246.2943,4054.983,5187.116,2894.2467
2022-09-08,3235.5862,4037.6839,5168.4662,2886.1717
2022-09-09,3262.0542,4093.7874,5222.8554,2926.1676
2022-09-13,3263.7972,4111.1145,5187.6275,2905.1366
2022-09-14,3237.5419,4065.359,5144.5946,2881.671
2022-09-15,3199.9187,4027.1186,5134.2684,2887.3899
2022-09-16,3126.3977,3932.6826,4975.1508,2797.1686
2022-09-19,3115.6019,3928.0001,4975.774,2802.7873
2022-09-20,3122.4058,3932.8361,4980.3913,2796.466
2022-09-21,3117.1774,3903.7348,5020.6196,2821.9011
2022-09-22,3108.9096,3869.344,5015.0548,2832.6388
2022-09-23,3088.3695,3856.0212,4962.2136,2811.0611
2022-09-26,3051.226,3836.6773,4872.4905,2759.7592
2022-09-27,3093.8618,3892.295,4930.363,2782.3008
2022-09-28,3045.0668,3828.7098,4869.6435,2755.3857
2022-09-29,3041.2046,3827.1434,4846.587,2753.104
2022-09-30,3024.3905,3804.8853,4869.9909,2774.358
2022-10-10,2974.1454,3720.9365,4856.0239,2782.2828
2022-10-11,2979.7926,3727.6867,4856.6655,2773.8533
2022-10-12,3025.5055,3784.3064,4924.6696,2806.544
2022-10-13,3016.3561,3752.6729,4878.2975,2763.4485
2022-10-14,3071.9868,3842.4698,4934.5125,2788.7516
2022-10-17,3084.9423,3846.4119,4935.9049,2780.6105
2022-10-18,3080.9574,3838.2667,4941.3127,2775.0627
2022-10-19,3044.3777,3776.5335,4901.7465,2769.9728
2022-10-20,3035.0504,3754.9269,4855.4973,2744.383
2022-10-21,3038.9291,3742.8929,4878.474,2763.975
2022-10-24,2977.5554,3633.3733,4772.9081,2704.5841
2022-10-25,2976.283,3627.4542,4753.564,2685.3877
2022-10-26,2999.5036,3656.9027,4741.7555,2666.7635
2022-10-27,2982.9029,3631.1448,4754.4951,2678.7864
2022-10-28,2915.9257,3541.3295,4628.8304,2625.757
2022-10-31,2893.4829,3508.7034,4561.9989,2563.7864
2022-11-01,2969.1995,3634.1732,4622.1442,2588.4571
2022-11-02,3003.3699,3677.8051,4679.5331,2619.8913
2022-11-03,2997.8057,3647.8966,4654.3345,2604.924
2022-11-04,3070.7964,3767.1746,4750.5437,2654.9842
2022-11-07,3077.817,3775.2971,4784.9273,2676.3603
2022-11-08,3064.4928,3749.3251,4790.0193,2675.4783
2022-11-09,3048.1676,3714.2704,4795.2336,2674.3351
2022-11-10,3036.1318,3685.6885,4793.4693,2682.5339
2022-11-11,3087.2926,3788.4387,4900.0226,2743.885
2022-11-14,3083.4013,3794.0171,4914.2351,2730.7694
2022-11-15,3134.0778,3865.9726,4961.8809,2742.4946
2022-11-16,3119.9804,3834.3899,4943.7381,2731.6322
2022-11-17,3115.4347,3818.664,4924.1986,2709.0522
2022-11-18,3097.2432,3801.5686,4891.5442,2692.3574
2022-11-21,3085.0444,3769.1269,4894.16,2690.0238
2022-11-22,3088.9426,3769.5727,4899.1869,2706.8071
2022-11-23,3096.9073,3773.5287,4910.7696,2723.8398
2022-11-24,3089.3096,3756.8082,4945.974,2737.6074
2022-11-25,3101.6932,3775.7764,5007.6149,2789.5043
2022-11-28,3078.5485,3733.2424,4986.3839,2772.6295
2022-11-29,3149.7478,3848.4224,5129.6265,2847.5819
2022-11-30,3151.3353,3853.0365,5120.0521,2836.7674
2022-12-01,3165.4711,3894.7687,5093.5771,2810.9833
2022-12-02,3156.1442,3870.9478,5077.2213,2794.7454
2022-12-05,3211.8144,3946.8759,5151.1459,2845.4708
2022-12-06,3212.5334,3968.1979,5125.573,2832.28
2022-12-07,3199.6194,3958.4409,5095.9529,2807.8565
2022-12-08,3197.3499,3959.1798,5106.7151,2823.6563
2022-12-09,3206.9502,3998.2442,5151.5545,2852.2671
2022-12-12,3179.0417,3953.4433,5077.8586,2812.9487
2022-12-13,3176.3255,3945.6813,5101.5963,2831.644
2022-12-14,3176.5253,3954.8857,5082.2494,2822.8059
2022-12-15,3168.6478,3951.9885,5030.6117,2788.5896
2022-12-16,3167.8576,3954.227,5083.3404,2820.1167
2022-12-19,3107.115,3893.2207,4978.9303,2766.0335
2022-12-20,3073.7659,3829.0173,4928.7312,2737.5457
2022-12-21,3068.4105,3830.5384,4930.9022,2738.9086
2022-12-22,3054.4313,3836.028,4896.1758,2718.2903
2022-12-23,3045.8664,3828.2188,4890.0072,2712.9695
2022-12-26,3065.5626,3843.4887,4877.9674,2704.2036
2022-12-27,3095.5678,3887.854,4928.713,2733.0726
2022-12-28,3087.3997,3871.2644,4936.895,2738.6593
2022-12-29,3073.7016,3856.7007,4892.7946,2707.5184
2022-12-30,3089.2579,3871.6338,4925.8579,2725.0659
2023-01-03,3116.5119,3887.8992,4957.7815,2737.6778
2023-01-04,3123.5164,3892.9477,4996.9112,2758.4365
2023-01-05,3155.2162,3968.5782,5010.5086,2763.5281
2023-01-06,3157.6365,3980.8888,5000.1082,2758.463
2023-01-09,3176.0845,4013.1196,4997.3119,2758.2056
2023-01-10,3169.5072,4017.4737,4968.9988,2741.3654
2023-01-11,3161.8376,4010.0309,4995.8475,2764.6735
2023-01-12,3163.4509,4017.8692,4976.5391,2752.2413
2023-01-13,3195.3059,4074.3772,5019.2458,2774.1199
2023-01-16,3227.5916,4137.9643,5038.5611,2785.2968
2023-01-17,3224.2448,4137.2422,5030.9612,2779.526
2023-01-18,3224.406,4130.3143,5036.7192,2782.341
2023-01-19,3240.2794,4156.0077,5057.0592,2790.8458
2023-01-20,3264.8138,4181.5267,5106.6742,2816.3395
2023-01-30,3269.318,4201.345,5088.4584,2800.6144
2023-01-31,3255.6692,4156.8578,5099.7113,2809.6154
2023-02-01,3284.9213,4195.9332,5115.4126,2813.4441
2023-02-02,3285.6705,4181.1493,5123.7449,2819.7839
2023-02-03,3263.4059,4141.6319,5078.3412,2794.8717
2023-02-06,3238.6978,4086.8779,5049.7994,2783.7435
2023-02-07,3248.094,4094.2335,5076.7373,2797.2866
2023-02-08,3232.1063,4076.1411,5054.0931,2784.3556
2023-02-09,3270.3826,4130.8565,5091.4248,2801.3759
2023-02-10,3260.6734,4106.3097,5093.7288,2799.1915
2023-02-13,3284.1599,4143.574,5111.8712,2807.2021
2023-02-14,3293.2825,4145.2902,5138.1849,2825.4451
2023-02-15,3280.4919,4123.6893,5106.61,2808.2701
2023-02-16,3249.0295,4093.4876,5062.7955,2788.3079
2023-02-17,3224.0243,4034.507,5069.2342,2797.9426
2023-02-20,3290.3383,4133.4896,5182.7456,2848.936
2023-02-21,3306.5236,4144.3536,5241.1907,2884.3247
2023-02-22,3291.1477,4106.9506,5244.3046,2886.9241
2023-02-23,3287.477,4103.6463,5251.396,2898.1809
2023-02-24,3267.1597,4061.0457,5230.0646,2890.0469
2023-02-27,3258.0344,4043.8444,5222.782,2895.5066
2023-02-28,3279.6053,4069.4587,5245.9443,2903.1529
2023-03-01,3312.3478,4126.9415,5281.4776,2920.7147
2023-03-02,3310.6536,4117.7377,5304.9916,2936.1697
2023-03-03,3328.3927,4130.5513,5327.927,2950.4477
2023-03-06,3322.0259,4109.0102,5302.978,2935.6297
2023-03-07,3285.0988,4048.8519,5271.2937,2927.4173
2023-03-08,3283.2479,4034.1077,5267.1538,2926.0901
2023-03-09,3276.0937,4019.8505,5250.3011,2923.7488
2023-03-10,3230.0766,3967.1352,5156.6232,2876.765
2023-03-13,3268.6955,4008.686,5219.0596,2916.1413
2023-03-14,3245.3123,3984.6956,5175.8748,2895.3638
2023-03-15,3263.3148,3986.902,5238.4384,2926.0251
2023-03-16,3226.8912,3939.1505,5189.8522,2898.0456
2023-03-17,3250.546,3958.8194,5220.7732,2917.6006
2023-03-20,3234.9103,3939.077,5196.1273,2905.8743
2023-03-21,3255.6505,3982.3782,5195.3517,2897.644
2023-03-22,3265.7475,3999.4427,5219.8761,2916.6664
2023-03-23,3286.6491,4039.0895,5224.2042,2921.8354
2023-03-24,3265.6537,4027.0457,5181.6082,2894.3755
2023-03-27,3251.3971,4012.4771,5139.553,2878.6716
2023-03-28,3245.376,3999.5147,5141.399,2879.8558
2023-03-29,3240.0568,4006.144,5126.5222,2875.4661
2023-03-30,3261.2485,4038.5257,5158.6573,2893.6749
2023-03-31,3272.8602,4050.9257,5175.8851,2899.6892
2023-04-03,3296.396,4090.5676,5199.3675,2918.4688
2023-04-04,3312.5578,4103.1052,5217.9849,2935.0916
2023-04-06,3312.628,4096.64,5185.4373,2912.6284
2023-04-07,3327.6457,4123.2799,5205.3899,2916.9181
2023-04-10,3315.3578,4104.8118,5206.9005,2916.8955
2023-04-11,3313.5705,4100.1479,5240.3212,2939.0831
2023-04-12,3327.1816,4097.2876,5292.2625,2973.8334
2023-04-13,3318.3638,4068.9786,5293.2456,2976.2074
2023-04-14,3338.1525,4091.9988,5287.0289,2971.0659
2023-04-17,3385.6095,4149.3836,5359.7568,3007.9418
2023-04-18,3393.3312,4162.032,5379.556,3020.67
2023-04-19,3370.1283,4124.5589,5374.9389,3020.218
2023-04-20,3367.031,4113.0192,5383.531,3018.4927
2023-04-21,3301.2575,4032.5672,5318.818,2994.7384
2023-04-24,3275.413,3982.6429,5314.8677,2990.4939
2023-04-25,3264.8717,3962.6658,5332.1421,3011.923
2023-04-26,3264.1006,3959.2323,5345.3802,3021.5811
2023-04-27,3285.8844,3988.4185,5357.9061,3028.3483
2023-04-28,3323.2746,4029.0858,5414.9459,3056.715
2023-05-04,3350.4587,4030.2471,5523.839,3133.2753
2023-05-05,3334.5028,4016.8774,5537.914,3160.7753
2023-05-08,3395.0036,4062.6624,5653.0053,3246.348
2023-05-09,3357.6707,4027.8754,5607.7164,3218.7731
2023-05-10,3319.1506,3996.8695,5499.4512,3143.2374
2023-05-11,3309.5512,3990.6637,5495.8546,3132.5577
2023-05-12,3272.3619,3937.7622,5463.1357,3115.1558
2023-05-15,3310.7367,3998.8872,5461.7814,3113.3745
2023-05-16,3290.9874,3978.2054,5423.5172,3094.785
2023-05-17,3284.232,3960.165,5396.7055,3079.6817
2023-05-18,3297.3199,3956.0701,5426.5123,3102.9063
2023-05-19,3283.5417,3944.5403,5360.5872,3059.5378
2023-05-22,3296.4696,3969.3277,5355.0149,3048.7768
2023-05-23,3246.238,3913.1882,5287.3933,3011.537
2023-05-24,3204.7494,3859.0935,5211.9924,2967.5691
2023-05-25,3201.2605,3850.4996,5188.2419,2950.1282
2023-05-26,3212.5038,3850.9511,5233.144,2977.6159
2023-05-29,3221.4484,3833.9416,5268.174,3005.9208
2023-05-30,3224.2133,3837.7531,5262.09,2997.4898
2023-05-31,3204.5644,3798.5434,5214.2105,2967.1675
2023-06-01,3204.6345,3806.8679,5195.6708,2958.4274
2023-06-02,3230.0686,3861.8337,5225.2303,2960.2798
2023-06-05,3232.441,3844.2492,5252.5754,2977.674
2023-06-06,3195.3404,3808.1629,5209.3483,2960.5468
2023-06-07,3197.7587,3789.3418,5247.881,2991.0775
2023-06-08,3213.5855,3820.1867,5295.1971,3016.8571
2023-06-09,3231.4055,3836.7026,5284.1484,2998.9842
2023-06-12,3228.8336,3844.4324,5252.3151,2971.8876
2023-06-13,3233.6734,3864.9074,5243.4003,2967.5243
2023-06-14,3228.9887,3864.0247,5214.8935,2945.2251
2023-06-15,3252.9751,3925.4994,5216.5775,2945.6795
2023-06-16,3273.3341,3963.3509,5197.7652,2935.9107
2023-06-19,3255.8057,3930.9079,5132.5413,2899.4023
2023-06-20,3240.3648,3924.2377,5090.2633,2870.9073
2023-06-21,3197.9011,3864.0323,5040.6996,2843.6596
2023-06-26,3150.6189,3809.6962,4974.2752,2802.5771
2023-06-27,3189.4427,3845.4334,5060.8202,2852.1838
2023-06-28,3189.3758,3840.7986,5084.6346,2870.3656
2023-06-29,3182.3812,3821.8435,5067.4507,2865.4332
2023-06-30,3202.0623,3842.4516,5072.5473,2862.2172
2023-07-03,3243.975,3892.8821,5125.9614,2895.2252
2023-07-04,3245.3492,3899.0133,5100.7727,2871.6085
2023-07-05,3222.9469,3868.8054,5086.7693,2869.1206
2023-07-06,3205.5748,3842.7547,5054.0354,2847.8324
2023-07-07,3196.6092,3825.6988,5072.59,2860.2579
2023-07-10,3203.6958,3844.3269,5093.4076,2875.2572
2023-07-11,3221.3666,3869.4861,5103.3483,2874.231
2023-07-12,3196.1337,3843.4369,5064.7159,2841.8693
2023-07-13,3236.48,3898.4229,5113.901,2869.9892
2023-07-14,3237.7012,3899.1027,5111.7184,2877.8176
2023-07-17,3209.6298,3867.1749,5060.9423,2841.2424
2023-07-18,3197.8201,3854.9393,5056.1214,2834.4834
2023-07-19,3198.8358,3850.8663,5076.3131,2845.3115
2023-07-20,3169.522,3823.6946,5048.749,2830.1008
2023-07-21,3167.7452,3821.91,5046.854,2833.3936
2023-07-24,3164.1608,3805.221,5048.471,2831.2849
2023-07-25,3231.5213,3915.1153,5132.8386,2874.981
2023-07-26,3223.0279,3907.0128,5141.997,2877.8897
2023-07-27,3216.6709,3902.3458,5147.4536,2884.5007
2023-07-28,3275.9257,3992.7376,5241.7957,2937.8633
2023-07-31,3291.0398,4014.6301,5278.6579,2952.2517
2023-08-01,3290.9493,3998.001,5283.4628,2957.3435
2023-08-02,3261.6903,3969.895,5235.2922,2920.2461
2023-08-03,3280.4626,4004.9839,5264.085,2932.8191
2023-08-04,3288.0842,4020.5792,5248.909,2923.2273
2023-08-07,3268.8311,3990.1531,5203.1077,2898.8186
2023-08-08,3260.6196,3979.7322,5195.8537,2893.4716
2023-08-09,3244.4867,3967.5652,5172.8763,2881.6933
2023-08-10,3254.5597,3975.7166,5185.8257,2893.9857
2023-08-11,3189.248,3884.2538,5105.884,2850.586
2023-08-14,3178.4272,3855.9061,5103.1855,2849.2089
2023-08-15,3176.1758,3846.5357,5137.0411,2872.3258
2023-08-16,3150.1277,3818.3338,5134.5093,2869.5047
2023-08-17,3163.7393,3831.1008,5134.9776,2868.7678
2023-08-18,3131.953,3784.0038,5112.6633,2864.2209
2023-08-21,3092.9777,3729.555,5059.3748,2839.3342
2023-08-22,3120.3338,3758.2271,5099.7647,2867.5654
2023-08-23,3078.4021,3696.6339,5085.6213,2869.263
2023-08-24,3082.2439,3723.4293,5061.5614,2850.9731
2023-08-25,3064.0747,3709.1517,5071.8677,2859.5108
2023-08-28,3098.6363,3752.6194,5141.9299,2894.3413
2023-08-29,3135.8867,3790.1067,5151.0754,2893.8857
2023-08-30,3137.1375,3788.5097,5113.6297,2864.0305
2023-08-31,3119.8764,3765.2678,5060.8994,2834.3539
2023-09-01,3133.2467,3791.4912,5114.916,2863.1084
2023-09-04,3177.0603,3848.9517,5194.1615,2908.8183
2023-09-05,3154.3693,3820.3174,5153.7671,2884.036
2023-09-06,3158.0769,3812.0283,5152.7007,2884.0883
2023-09-07,3122.3523,3758.4748,5125.6082,2876.8819
2023-09-08,3116.7191,3739.9927,5092.095,2853.3143
2023-09-11,3142.779,3767.537,5129.3779,2876.5118
2023-09-12,3137.0593,3760.6048,5122.7665,2870.7435
2023-09-13,3123.0669,3736.6513,5136.9986,2886.4154
2023-09-14,3126.5511,3733.5077,5188.4465,2924.0539
2023-09-15,3117.7434,3708.7766,5176.4278,2916.4489
2023-09-18,3125.9319,3727.711,5182.1694,2921.9589
2023-09-19,3124.9567,3720.5021,5216.8452,2946.4535
2023-09-20,3108.5679,3705.6898,5223.7886,2950.6405
2023-09-21,3084.701,3672.4448,5189.7566,2934.1873
2023-09-22,3132.4316,3738.9327,5211.9694,2945.5985
2023-09-25,3115.6071,3714.6037,5201.5588,2942.0944
2023-09-26,3102.2726,3692.8928,5178.0539,2928.7023
2023-09-27,3107.3156,3700.495,5160.2086,2914.075
2023-09-28,3110.4753,3689.5172,5161.125,2915.8517
2023-10-09,3096.9224,3684.7272,5142.7127,2909.477
2023-10-10,3075.2361,3657.1259,5091.6277,2881.8603
2023-10-11,3078.9556,3667.5483,5075.7901,2872.8484
2023-10-12,3107.9007,3702.3824,5127.166,2895.1365
2023-10-13,3088.0991,3663.4104,5120.7103,2896.7413
2023-10-16,3073.813,3626.5972,5130.5163,2906.6051
2023-10-17,3083.4964,3639.4018,5140.4928,2907.5542
2023-10-18,3058.7098,3610.5767,5093.106,2886.009
2023-10-19,3005.3934,3533.5445,5008.1936,2839.4173
2023-10-20,2983.0585,3510.5889,4982.368,2820.0565
2023-10-23,2939.2913,3474.2438,4915.646,2788.6364
2023-10-24,2962.2437,3487.1302,4953.0429,2809.0566
2023-10-25,2974.1135,3504.4576,4997.211,2828.5735
2023-10-26,2988.2992,3514.1448,5021.195,2844.035
2023-10-27,3017.7842,3562.3851,5041.4708,2852.9771
2023-10-30,3021.5534,3583.7718,4989.67,2812.5163
2023-10-31,3018.7706,3572.5056,4998.8946,2822.9034
2023-11-01,3023.0765,3571.0268,4992.9413,2819.4199
2023-11-02,3009.4058,3554.1889,5001.1963,2826.7227
2023-11-03,3030.7977,3584.1364,4977.7857,2809.7314
2023-11-06,3058.4105,3632.6084,4969.887,2795.6926
2023-11-07,3057.2697,3619.7593,4967.4888,2797.8544
2023-11-08,3052.3726,3611.0723,4961.33,2798.0037
2023-11-09,3053.2792,3612.8263,4993.8853,2820.6321
2023-11-10,3038.9699,3586.4893,4975.8006,2814.0902
2023-11-13,3046.5329,3579.4141,4984.6953,2819.4956
2023-11-14,3056.0703,3582.0584,4977.8441,2809.3648
2023-11-15,3072.8348,3607.2454,5002.0913,2821.5882
2023-11-16,3050.9257,3572.3641,4995.8553,2822.2322
2023-11-17,3054.3655,3568.0685,4982.9461,2812.7021
2023-11-20,3068.3191,3576.3233,4995.5161,2817.3842
2023-11-21,3067.9328,3581.0674,5014.0273,2829.9425
2023-11-22,3043.611,3544.4162,4998.8014,2823.6756
2023-11-23,3061.8562,3561.5204,5037.9512,2846.4106
2023-11-24,3040.9717,3538.0087,5041.0734,2848.2054
2023-11-27,3031.7002,3511.9424,5027.7528,2839.8739
2023-11-28,3038.5545,3518.5232,5027.3766,2837.6988
2023-11-29,3021.6874,3488.3073,4992.1274,2822.5532
2023-11-30,3029.6727,3496.2028,5008.6145,2833.0034
2023-12-01,3031.6358,3482.8813,5023.6238,2844.396
2023-12-04,3022.9138,3460.138,5024.1428,2848.0688
2023-12-05,2972.2959,3394.2571,4959.3167,2811.7195
2023-12-06,2968.9334,3399.598,4957.1893,2810.471
2023-12-07,2966.2061,3391.2823,4964.688,2813.9563
2023-12-08,2969.5594,3399.4618,4963.7549,2819.9759
2023-12-11,2991.4385,3419.4548,5039.6988,2863.7877
2023-12-12,3003.4378,3426.803,5078.0651,2877.2882
2023-12-13,2968.7606,3369.605,5036.1163,2854.7009
2023-12-14,2958.9856,3351.9639,5031.5238,2857.9576
2023-12-15,2942.5568,3341.5517,5001.821,2838.0761
2023-12-18,2930.8036,3329.3657,4990.6419,2836.8651
2023-12-19,2932.3908,3334.0412,4981.9427,2831.5711
2023-12-20,2902.1096,3297.5022,4959.6461,2824.9475
2023-12-21,2918.7149,3330.8698,4954.7063,2813.053
2023-12-22,2914.7752,3337.2281,4943.319,2803.9914
2023-12-25,2918.8126,3347.4508,4951.0593,2807.2848
2023-12-26,2898.8787,3324.7902,4921.8706,2787.0895
2023-12-27,2914.6138,3336.3572,4950.1365,2802.3227
2023-12-28,2954.7035,3414.5403,4943.7964,2782.7425
2023-12-29,2974.9348,3431.1099,4969.6698,2797.8226
2024-01-02,2962.2762,3386.3522,5020.9933,2838.8685
2024-01-03,2967.2472,3378.2971,5074.1832,2877.6169
2024-01-04,2954.3486,3347.0519,5096.1593,2901.0684
2024-01-05,2929.1833,3329.1114,5099.2457,2909.14
2024-01-08,2887.5379,3286.0564,5046.0217,2883.2388
2024-01-09,2893.2513,3292.4994,5074.4042,2899.8632
2024-01-10,2877.7023,3277.129,5046.523,2883.679
2024-01-11,2886.6502,3295.6717,5020.5794,2858.2599
2024-01-12,2881.9769,3284.1667,5032.4176,2867.7139
2024-01-15,2886.2908,3280.9195,5057.5149,2885.5833
2024-01-16,2893.9886,3300.8762,5075.1494,2898.5284
2024-01-17,2833.6152,3229.082,5004.1065,2860.8423
2024-01-18,2845.7839,3274.7286,4971.3035,2841.1142
2024-01-19,2832.2793,3269.7763,4942.0795,2821.0662
2024-01-22,2756.3399,3218.9016,4778.6825,2732.6794
2024-01-23,2770.9763,3231.9329,4835.9292,2766.6751
2024-01-24,2820.7719,3277.1089,4943.458,2833.1797
2024-01-25,2906.1087,3342.9189,5085.8927,2910.005
2024-01-26,2910.2227,3333.8213,5152.4047,2949.5198
2024-01-29,2883.356,3303.9604,5166.2084,2963.005
2024-01-30,2830.5266,3245.0387,5098.2721,2928.1592
2024-01-31,2788.5482,3215.3518,5079.3378,2932.6062
2024-02-01,2770.7403,3217.7109,5028.7856,2900.1254
2024-02-02,2730.152,3179.6276,5024.7982,2906.7995
2024-02-05,2702.185,3200.4218,5020.678,2917.7078
2024-02-06,2789.486,3311.6922,5139.1514,2964.4094
2024-02-07,2829.6956,3343.6303,5240.3177,3012.0864
2024-02-08,2865.9032,3364.9297,5244.2155,3009.3765
2024-02-19,2910.544,3403.8078,5348.8828,3080.7299
2024-02-20,2922.7302,3410.8542,5410.1912,3125.8461
2024-02-21,2950.9556,3456.8713,5411.4537,3119.7505
2024-02-22,2988.3578,3486.6747,5490.3956,3174.7275
2024-02-23,3004.881,3489.7416,5470.9763,3156.4865
2024-02-26,2977.0221,3453.3585,5374.6779,3089.3439
2024-02-27,3015.4807,3494.7874,5402.8901,3105.2076
2024-02-28,2957.8524,3450.2598,5352.3587,3087.3927
2024-02-29,3015.1712,3516.0826,5414.0184,3116.4972
2024-03-01,3027.0204,3537.8038,5414.2425,3115.6805
2024-03-04,3039.3055,3540.8686,5439.7557,3137.4871
2024-03-05,3047.7931,3565.5143,5469.1493,3156.5058
2024-03-06,3039.9309,3551.0481,5467.6202,3156.272
2024-03-07,3027.4013,3529.7195,5493.8044,3175.2958
2024-03-08,3046.0192,3544.9099,5524.1934,3196.5737
2024-03-11,3068.4554,3589.2635,5482.4938,3162.2189
2024-03-12,3055.935,3597.4939,5379.1772,3085.797
2024-03-13,3043.8346,3572.361,5356.5324,3071.7379
2024-03-14,3038.2339,3562.2229,5370.8322,3077.9385
2024-03-15,3054.6359,3569.993,5370.6004,3074.8502
2024-03-18,3084.9262,3603.528,5357.7926,3058.9716
2024-03-19,3062.7558,3577.6303,5338.3232,3052.2386
2024-03-20,3079.6859,3585.3838,5359.2121,3061.7452
2024-03-21,3077.113,3581.0902,5365.8258,3066.7311
2024-03-22,3048.0336,3545.0023,5347.7352,3064.9261
2024-03-25,3026.3055,3525.7634,5352.3645,3075.1697
2024-03-26,3031.4809,3543.7467,5348.7607,3066.3037
2024-03-27,2993.1388,3502.7866,5330.6982,3062.5135
2024-03-28,3010.6636,3520.9648,5325.6544,3053.3678
2024-03-29,3041.1669,3537.4843,5380.7251,3081.0655
2024-04-01,3077.3786,3595.6466,5396.8299,3074.5987
2024-04-02,3074.9586,3580.6759,5416.8936,3094.202
2024-04-03,3069.2959,3567.8031,5470.4836,3134.3506
2024-04-08,3047.0526,3536.4077,5461.6517,3139.775
2024-04-09,3048.5369,3533.4871,5441.7507,3126.3379
2024-04-10,3027.3349,3504.7086,5454.4099,3140.4735
2024-04-11,3034.2464,3504.2447,5502.4367,3177.8293
2024-04-12,3019.4735,3475.8389,5483.8509,3171.188
2024-04-15,3057.3776,3549.0759,5585.2625,3235.4044
2024-04-16,3007.0681,3511.1146,5566.742,3237.5324
2024-04-17,3071.3806,3565.403,5669.0568,3293.8526
2024-04-18,3074.2246,3569.8018,5693.4158,3312.5903
2024-04-19,3065.261,3541.6619,5710.2691,3316.8212
2024-04-22,3044.5952,3530.9045,5594.3976,3238.7865
2024-04-23,3021.9775,3506.2249,5501.328,3189.8483
2024-04-24,3044.8223,3521.6219,5509.2218,3187.223
2024-04-25,3052.9,3530.2813,5536.7855,3206.298
2024-04-26,3088.6357,3584.2686,5502.1408,3177.0241
2024-04-29,3113.0432,3623.9124,5495.3081,3147.1394
2024-04-30,3104.8245,3604.3943,5499.6595,3155.8424
2024-05-06,3140.7204,3657.8767,5554.3174,3173.1407
2024-05-07,3147.738,3659.0076,5556.497,3176.1938
2024-05-08,3128.4798,3630.2233,5563.1492,3195.2066
2024-05-09,3154.3201,3664.561,5602.7265,3206.6871
2024-05-10,3154.5472,3666.2771,5628.2981,3221.409
2024-05-13,3148.0207,3664.6907,5644.1629,3229.4344
2024-05-14,3145.7743,3657.0454,5627.962,3217.9154
2024-05-15,3119.9021,3626.0559,5621.3279,3212.6869
2024-05-16,3122.401,3640.3592,5633.5526,3220.5256
2024-05-17,3154.0263,3677.9696,5689.0775,3240.6991
2024-05-20,3171.1451,3690.9623,5742.413,3277.004
2024-05-21,3157.9657,3676.1611,5757.0172,3290.3904
2024-05-22,3158.5399,3684.451,5754.615,3291.7547
2024-05-23,3116.387,3641.7917,5675.4423,3246.3895
2024-05-24,3088.8705,3601.4754,5650.8707,3225.0829
2024-05-27,3124.0427,3635.7079,5732.4452,3282.3148
2024-05-28,3109.5721,3609.1724,5705.0825,3274.1529
2024-05-29,3111.0176,3613.5223,5716.2082,3279.4354
2024-05-30,3091.6778,3594.3121,5664.7676,3251.0944
2024-05-31,3086.8134,3579.9247,5669.4873,3254.8059
2024-06-03,3078.4887,3588.7483,5634.7944,3233.4445
2024-06-04,3091.1992,3615.6714,5663.5283,3242.6905
2024-06-05,3065.4034,3594.7936,5591.3914,3202.9942
2024-06-06,3048.7939,3592.2454,5596.0987,3211.4716
2024-06-07,3051.2787,3574.1143,5629.323,3232.3889
2024-06-11,3028.0451,3542.8771,5535.7516,3172.3105
2024-06-12,3037.4675,3544.1225,5597.6489,3221.1732
2024-06-13,3028.9187,3526.1306,5528.935,3184.6199
2024-06-14,3032.6333,3541.5331,5514.7118,3180.6741
2024-06-17,3015.8907,3536.1986,5442.6937,3138.5112
2024-06-18,3030.2464,3545.5902,5460.8694,3148.8302
2024-06-19,3018.0491,3528.749,5438.202,3137.6285
2024-06-20,3005.4369,3503.2817,5421.5287,3145.8949
2024-06-21,2998.1377,3495.6198,5417.796,3139.7284
2024-06-24,2963.0989,3476.8102,5347.6185,3100.6314
2024-06-25,2949.9963,3457.9023,5360.9035,3106.9193
2024-06-26,2972.5251,3480.2648,5368.9598,3108.3177
2024-06-27,2945.8524,3454.1175,5334.2483,3103.1167
2024-06-28,2967.4028,3461.657,5354.8331,3113.6015
2024-07-01,2994.7303,3478.1827,5471.4649,3182.7348
2024-07-02,2997.0111,3471.7857,5464.4834,3189.8261
2024-07-03,2982.3756,3463.4141,5419.5076,3162.9051
2024-07-04,2957.567,3445.8128,5384.2881,3145.35
2024-07-05,2949.9333,3431.0605,5365.1284,3128.915
2024-07-08,2922.4498,3401.7604,5326.1849,3108.0441
2024-07-09,2959.3724,3439.8111,5382.263,3132.7202
2024-07-10,2939.3636,3428.9657,5273.2027,3052.4549
2024-07-11,2970.3874,3468.169,5283.2287,3043.0304
2024-07-12,2971.295,3472.4014,5254.1366,3029.4163
2024-07-15,2974.0107,3476.2467,5300.0384,3067.8372
2024-07-16,2976.3043,3498.2827,5263.4867,3048.6463
2024-07-17,2962.8549,3501.5836,5227.974,3029.2362
2024-07-18,2977.1334,3520.931,5235.4347,3035.0035
2024-07-19,2982.3086,3539.0156,5199.048,3014.7402
2024-07-22,2964.2155,3514.9249,5151.023,2986.849
2024-07-23,2915.3685,3439.8779,5087.1029,2960.0903
2024-07-24,2901.9518,3418.1663,5075.7172,2961.1954
2024-07-25,2886.7416,3399.2716,5063.5377,2952.5047
2024-07-26,2890.8973,3409.2931,5062.3531,2933.7537
2024-07-29,2891.8453,3390.742,5067.1545,2941.1152
2024-07-30,2879.2996,3369.3821,5035.2247,2928.5021
2024-07-31,2938.7493,3442.0844,5114.863,2954.7154
2024-08-01,2932.3871,3419.2666,5105.844,2955.5849
2024-08-02,2905.3375,3384.3919,5092.7985,2950.2797
2024-08-05,2860.6978,3343.3205,5034.1085,2910.3924
2024-08-06,2867.2837,3342.9789,5018.3054,2901.7268
2024-08-07,2869.8338,3341.489,5031.8537,2910.6969
2024-08-08,2869.9014,3342.9369,5055.4244,2923.6184
2024-08-09,2862.1941,3331.6274,5034.2404,2910.064
2024-08-12,2858.2046,3325.8645,5062.3355,2931.4404
2024-08-13,2867.946,3334.3903,5070.0426,2935.0073
2024-08-14,2850.6539,3309.2389,5047.3326,2925.7411
2024-08-15,2877.3579,3341.953,5092.5403,2954.1009
2024-08-16,2879.4298,3345.634,5092.8593,2957.7566
2024-08-19,2893.6738,3356.9677,5135.8034,2987.4777
2024-08-20,2866.661,3332.7034,5076.7441,2949.1118
2024-08-21,2856.5839,3321.635,5036.835,2924.9341
2024-08-22,2848.7718,3313.1357,5028.8785,2924.1483
2024-08-23,2854.3675,3327.1905,5034.1147,2923.4571
2024-08-26,2855.5203,3324.2231,5028.4443,2909.1831
2024-08-27,2848.7312,3305.3338,5027.4893,2916.1062
2024-08-28,2837.4293,3286.4956,5001.4171,2901.7563
2024-08-29,2823.106,3277.6812,4928.9106,2844.0577
2024-08-30,2842.2142,3321.4323,4946.0986,2846.0164
2024-09-02,2811.035,3265.011,4964.3011,2870.6035
2024-09-03,2802.9787,3273.4282,4928.7821,2842.0395
2024-09-04,2784.2783,3252.1649,4922.3766,2845.7708
2024-09-05,2788.3141,3257.7578,4922.9052,2845.0742
2024-09-06,2765.8066,3231.3457,4875.41,2817.6517
2024-09-09,2736.4876,3192.9516,4793.0864,2770.7104
2024-09-10,2744.1921,3195.7552,4797.0928,2775.7215
2024-09-11,2721.7952,3186.1299,4703.9782,2711.6851
2024-09-12,2717.1231,3172.4747,4717.8606,2722.6742
2024-09-13,2704.0896,3159.247,4696.5703,2710.8376
2024-09-18,2717.2813,3171.0102,4750.4738,2746.7636
2024-09-19,2736.0222,3196.0357,4765.3502,2740.0168
2024-09-20,2736.8139,3201.0497,4759.7892,2738.693
2024-09-23,2748.9177,3212.7639,4810.4077,2771.7379
2024-09-24,2863.1255,3351.909,5025.9754,2898.5735
2024-09-25,2896.3057,3401.533,5093.9793,2940.7524
2024-09-26,3000.9526,3545.3204,5279.0662,3039.6724
2024-09-27,3087.5286,3703.6849,5355.8896,3063.2003
2024-09-30,3336.4974,4017.8545,5699.2907,3241.3012
2024-10-08,3489.7751,4256.0962,5753.6297,3240.5669
2024-10-09,3258.8578,3955.9839,5313.8236,3005.7223
2024-10-10,3301.9259,3997.7879,5478.7381,3115.6765
2024-10-11,3217.7377,3887.167,5382.6171,3073.7591
2024-10-14,3284.3225,3961.3424,5524.007,3156.1894
2024-10-15,3201.2919,3855.9949,5400.9686,3084.5561
2024-10-16,3202.948,3831.589,5474.8487,3126.8751
2024-10-17,3169.3843,3788.2217,5383.4212,3076.1885
2024-10-18,3261.5633,3925.234,5430.0753,3097.1725
2024-10-21,3268.11,3935.1974,5394.9871,3079.6806
2024-10-22,3285.8669,3957.7755,5429.9226,3096.1286
2024-10-23,3302.8028,3973.2089,5439.0771,3096.1205
2024-10-24,3280.2625,3928.8334,5411.0452,3076.0902
2024-10-25,3299.7003,3956.421,5416.0412,3073.7935
2024-10-28,3322.1975,3964.1569,5469.8608,3095.2811
2024-10-29,3286.407,3924.649,5386.3328,3050.0201
2024-10-30,3266.2378,3889.4487,5339.5949,3018.3897
2024-10-31,3279.8244,3891.0396,5319.4112,2998.4305
2024-11-01,3272.0142,3890.0203,5360.4175,3023.8313
2024-11-04,3310.2072,3944.7619,5406.5488,3041.5562
2024-11-05,3386.9869,4044.5725,5475.9018,3066.8724
2024-11-06,3383.8062,4024.2831,5455.843,3043.6794
2024-11-07,3470.6609,4145.6952,5564.8524,3104.7625
2024-11-08,3452.2971,4104.047,5489.2792,3069.8748
2024-11-11,3470.0657,4131.1312,5449.7675,3039.614
2024-11-12,3421.9701,4085.743,5421.2598,3022.667
2024-11-13,3439.2778,4110.8901,5443.0658,3040.9018
2024-11-14,3379.8389,4039.6191,5372.7974,3012.9333
2024-11-15,3330.7263,3968.8308,5356.6248,3016.6215
2024-11-18,3323.8486,3950.3806,5444.9964,3065.4909
2024-11-19,3346.0098,3976.8912,5449.5065,3060.0369
2024-11-20,3367.9893,3985.7727,5465.7674,3064.7223
2024-11-21,3370.4039,3989.2979,5461.1526,3066.5862
2024-11-22,3267.1916,3865.6989,5312.3291,2989.8451
2024-11-25,3263.7597,3848.0909,5320.6061,2998.904
2024-11-26,3259.7572,3840.1847,5322.6275,3009.1833
2024-11-27,3309.7789,3907.0447,5380.4305,3042.7394
2024-11-28,3295.6983,3872.5505,5358.4271,3035.1226
2024-11-29,3326.4557,3916.5832,5392.2418,3047.4354
2024-12-02,3363.9823,3947.632,5420.6133,3057.6798
2024-12-03,3378.8063,3951.8912,5475.9073,3091.4796
2024-12-04,3364.6498,3930.5568,5483.936,3112.8298
2024-12-05,3368.8553,3921.5881,5474.808,3106.3378
2024-12-06,3404.0764,3973.1405,5549.6856,3149.2749
2024-12-09,3402.5343,3966.5708,5558.7796,3153.9281
2024-12-10,3422.6607,3995.6369,5559.8859,3150.8437
2024-12-11,3432.4902,3988.8308,5587.8027,3160.3006
2024-12-12,3461.4998,4028.5048,5609.6793,3168.8223
2024-12-13,3391.8782,3933.1808,5511.5625,3126.867
2024-12-16,3386.3312,3911.8416,5557.6935,3168.9894
2024-12-17,3361.485,3922.0334,5537.6366,3162.7067
2024-12-18,3382.2081,3941.89,5571.9799,3184.5237
2024-12-19,3370.0331,3945.4635,5518.3695,3150.551
2024-12-20,3368.0693,3927.7441,5472.4159,3123.9471
2024-12-23,3351.2571,3933.5718,5475.1306,3136.2718
2024-12-24,3393.5281,3983.6882,5537.9309,3171.6478
2024-12-25,3393.3501,3985.6291,5559.4571,3188.0021
2024-12-26,3398.0765,3987.4801,5533.8031,3171.7131
2024-12-27,3400.142,3981.0307,5545.5551,3173.9644
2024-12-30,3407.3259,3999.0549,5612.2925,3218.5445
2024-12-31,3351.763,3934.9109,5581.4952,3202.1719
2025-01-02,3262.5607,3820.3952,5470.1941,3130.0146
2025-01-03,3211.4299,3775.1648,5424.4086,3105.4371
2025-01-06,3206.9228,3768.9697,5444.2594,3105.0903
2025-01-07,3229.6439,3796.1055,5428.6272,3091.3273
2025-01-08,3230.1679,3789.2153,5416.2977,3088.5441
2025-01-09,3211.3933,3779.8773,5336.2342,3039.629
2025-01-10,3168.5238,3732.4806,5255.7158,3003.379
2025-01-13,3160.755,3722.513,5214.9822,2983.594
2025-01-14,3240.94,3820.5395,5310.8584,3033.3956
2025-01-15,3227.1167,3796.026,5312.6242,3037.233
2025-01-16,3236.032,3800.3836,5355.6674,3066.1602
2025-01-17,3241.8212,3812.3429,5340.4342,3050.533
2025-01-20,3244.3776,3829.6764,5328.874,3036.3306
2025-01-21,3242.6226,3832.6145,5295.8678,3020.2247
2025-01-22,3213.6237,3797.0166,5242.8423,2996.7848
2025-01-23,3230.1637,3803.7439,5296.1683,3034.9615
2025-01-24,3252.6264,3832.8637,5330.3763,3051.0608
2025-01-27,3250.6007,3817.0802,5397.8404,3090.1869
2025-02-05,3229.4876,3795.0848,5291.4642,3027.1311
2025-02-06,3270.6594,3842.8314,5295.7993,3024.3583
2025-02-07,3303.6666,3892.7028,5331.4266,3039.419
2025-02-10,3322.1698,3901.0618,5325.3482,3029.7072
2025-02-11,3318.0569,3883.1352,5345.533,3048.4824
2025-02-12,3346.3854,3919.8617,5346.7393,3048.5495
2025-02-13,3332.4826,3905.1398,5348.7055,3048.396
2025-02-14,3346.7242,3939.0085,5359.117,3055.2212
2025-02-17,3355.8296,3947.3983,5336.5732,3043.2578
2025-02-18,3324.4906,3912.7829,5318.6352,3037.2874
2025-02-19,3351.5392,3940.1602,5303.698,3023.2717
2025-02-20,3350.7833,3928.8959,5291.0318,3011.8003
2025-02-21,3379.1128,3978.444,5257.0009,2988.6605
2025-02-24,3373.0276,3969.7169,5261.4535,2980.8848
2025-02-25,3346.0398,3925.6505,5226.6236,2963.4559
2025-02-26,3380.2144,3959.9413,5292.164,2989.4263
2025-02-27,3388.0622,3968.1159,5350.6692,3014.9953
2025-02-28,3320.8973,3890.0487,5311.6501,2995.3237
2025-03-03,3316.9253,3888.4738,5305.0725,2986.7056
2025-03-04,3324.2099,3885.2208,5305.5876,2982.0614
2025-03-05,3341.9649,3902.5706,5330.7352,2992.3894
2025-03-06,3381.0983,3956.2369,5329.4738,2986.4848
2025-03-07,3372.5458,3944.0143,5336.689,2984.3732
2025-03-10,3366.163,3928.8018,5352.3357,2991.002
2025-03-11,3379.8284,3941.4157,5386.4321,3014.6987
2025-03-12,3371.9235,3927.2315,5364.7665,3006.4585
2025-03-13,3358.7285,3911.5793,5402.2814,3036.8404
2025-03-14,3419.5616,4006.5567,5443.3782,3058.0918
2025-03-17,3426.1285,3996.7876,5463.4737,3063.4929
2025-03-18,3429.7593,4007.7229,5454.0976,3052.8994
2025-03-19,3426.4291,4010.168,5462.3245,3057.0969
2025-03-20,3408.9482,3974.9918,5447.2799,3052.3584
2025-03-21,3364.8307,3914.6956,5424.09,3042.2056
2025-03-24,3370.0283,3934.8486,5454.4541,3065.147
2025-03-25,3369.9763,3932.2951,5489.0255,3090.5621
2025-03-26,3368.6973,3919.3566,5481.3787,3087.3953
2025-03-27,3373.7489,3932.4117,5476.233,3087.7046
2025-03-28,3351.3068,3915.1662,5436.4717,3067.5094
2025-03-31,3335.7462,3887.3056,5407.9902,3061.0555
2025-04-01,3348.4351,3887.6841,5460.5135,3086.0552
2025-04-02,3350.1266,3884.3858,5480.3406,3101.5146
2025-04-03,3342.0077,3861.5034,5487.7522,3107.1814
2025-04-07,3096.5762,3589.4406,5121.6285,2911.8362
2025-04-08,3145.5491,3650.759,5252.4983,2995.1328
2025-04-09,3186.8099,3686.7943,5268.1457,3002.1345
2025-04-10,3223.6379,3735.1151,5317.9582,3028.3606
2025-04-11,3238.2268,3750.5167,5294.0132,3008.3949
2025-04-14,3262.8075,3759.1422,5341.428,3042.597
2025-04-15,3267.6623,3761.2348,5367.0496,3056.2199
2025-04-16,3276.0039,3772.8204,5391.4484,3076.1626
2025-04-17,3280.3412,3772.2221,5380.304,3067.4098
2025-04-18,3276.7304,3772.523,5382.3435,3064.4505
2025-04-21,3291.4341,3784.8806,5375.0356,3055.56
2025-04-22,3299.7571,3783.9522,5395.8835,3065.8242
2025-04-23,3296.3552,3786.8824,5371.8464,3047.4309
2025-04-24,3297.2881,3784.3574,5400.7061,3065.046
2025-04-25,3295.06,3786.9937,5392.2779,3058.8785
2025-04-28,3288.4147,3781.6188,5391.3773,3059.5111
2025-04-29,3286.6548,3775.0767,5377.2308,3047.8023
2025-04-30,3279.0314,3770.5705,5341.7697,3021.2935
2025-05-06,3316.1135,3808.5424,5355.2618,3018.4898
2025-05-07,3342.6651,3831.627,5391.5036,3039.5266
2025-05-08,3351.9958,3852.8963,5394.128,3033.7456
2025-05-09,3341.9989,3846.1566,5421.8433,3052.1951
2025-05-12,3369.2445,3890.6096,5440.6068,3063.2699
2025-05-13,3374.8707,3896.2583,5478.6417,3087.0766
2025-05-14,3403.9481,3943.2108,5509.5627,3113.7405
2025-05-15,3380.8214,3907.1992,5486.9433,3101.7151
2025-05-16,3367.4619,3889.0854,5456.4608,3082.007
2025-05-19,3367.5829,3877.1453,5470.9617,3093.0386
2025-05-20,3380.478,3898.1705,5486.8581,3097.9652
2025-05-21,3387.5736,3916.3807,5528.7956,3126.657
2025-05-22,3380.1885,3913.8651,5519.0537,3130.2046
2025-05-23,3348.3717,3882.2741,5464.7734,3094.2603
2025-05-26,3346.8388,3860.1067,5427.8603,3077.6507
2025-05-27,3340.687,3839.3969,5413.7524,3066.2853
2025-05-28,3339.9319,3836.2366,5431.0191,3074.8522
2025-05-29,3363.4455,3858.6998,5440.6604,3077.5438
2025-05-30,3347.4873,3840.2323,5445.7952,3082.4484
2025-06-03,3361.9755,3852.0127,5465.689,3101.8022
2025-06-04,3376.2029,3868.7429,5480.8722,3105.6682
2025-06-05,3384.0985,3877.5557,5449.4941,3084.4365
2025-06-06,3385.3579,3873.9841,5448.3034,3084.8884
2025-06-09,3399.7716,3885.2459,5458.8793,3086.4882
2025-06-10,3384.8163,3865.4652,5454.5726,3089.1588
2025-06-11,3402.3159,3894.6252,5471.4803,3096.7291
2025-06-12,3402.658,3892.1992,5471.5999,3093.5499
2025-06-13,3376.996,3864.1822,5416.3064,3068.8961
2025-06-16,3388.7293,3873.7951,5428.601,3077.6648
2025-06-17,3387.4049,3870.3786,5426.0202,3079.4178
2025-06-18,3388.8086,3874.9708,5419.9498,3080.0126
2025-06-19,3362.1082,3843.0912,5384.7423,3066.5009
2025-06-20,3359.8954,3846.6443,5393.71,3076.166
2025-06-23,3381.5816,3857.9016,5407.4346,3083.8518
2025-06-24,3420.566,3904.0342,5424.751,3088.4549
2025-06-25,3455.9736,3960.0662,5443.2012,3091.8681
2025-06-26,3448.4534,3946.0195,5444.7023,3094.0723
2025-06-27,3424.2267,3921.7578,5416.1974,3060.4317
2025-06-30,3444.4256,3936.0791,5410.2588,3058.1139
2025-07-01,3457.7474,3942.762,5454.3266,3083.6381
2025-07-02,3454.7924,3943.6849,5493.4691,3107.75
2025-07-03,3461.1506,3968.0676,5493.1321,3103.7504
2025-07-04,3472.3192,3982.2034,5520.9383,3124.2102
2025-07-07,3473.1271,3965.1746,5545.0804,3132.9405
2025-07-08,3497.4753,3998.4527,5542.3522,3126.9884
2025-07-09,3493.0495,3991.4006,5560.319,3138.0371
2025-07-10,3509.6818,4010.0243,5594.9169,3154.4159
2025-07-11,3510.1772,4014.807,5553.971,3131.439
2025-07-14,3519.6498,4017.6678,5581.2078,3151.1352
2025-07-15,3504.9988,4019.0644,5516.3349,3115.0356
2025-07-16,3503.7769,4007.2019,5492.5995,3101.5995
2025-07-17,3516.8255,4034.491,5487.8946,3090.804
2025-07-18,3534.4827,4058.5486,5506.7441,3099.5287
2025-07-21,3559.7912,4085.6072,5575.8675,3122.6476
2025-07-22,3581.8611,4118.9582,5667.6115,3172.8073
2025-07-23,3582.298,4119.7685,5647.0878,3172.2117
2025-07-24,3605.7269,4149.0368,5670.7501,3180.3159
2025-07-25,3593.6553,4127.1634,5633.8343,3165.3679
2025-07-28,3597.9369,4135.8242,5572.5303,3125.4973
2025-07-29,3609.7113,4152.0247,5570.4572,3120.1051
2025-07-30,3615.7167,4151.2379,5581.4768,3134.0349
2025-07-31,3573.2082,4075.5912,5484.7119,3083.1906
2025-08-01,3559.9518,4054.9286,5484.5934,3080.9167
2025-08-04,3583.3088,4070.7023,5510.342,3097.0062
2025-08-05,3617.5976,4103.45,5567.8825,3128.6502
2025-08-06,3633.9949,4113.4852,5603.2021,3139.5027
2025-08-07,3639.6666,4114.666,5612.6762,3148.898
2025-08-08,3635.1281,4104.9669,5615.6102,3149.5898
2025-08-11,3647.5467,4122.5106,5591.6955,3130.5239
2025-08-12,3665.9177,4143.8252,5623.0435,3149.8094
2025-08-13,3683.4648,4176.5776,5593.7015,3125.6151
2025-08-14,3666.4426,4173.3131,5540.1311,3101.8267
2025-08-15,3696.7705,4202.3533,5553.4158,3096.5888
2025-08-18,3728.0273,4239.4125,5542.7569,3092.7534
2025-08-19,3727.2879,4223.3741,5537.4535,3090.8482
2025-08-20,3766.2104,4271.3958,5579.2691,3113.5072
2025-08-21,3771.0989,4288.0707,5609.1951,3129.2396
2025-08-22,3825.7592,4377.9977,5599.4007,3124.594
2025-08-25,3883.5617,4469.2217,5640.4806,3145.9241
2025-08-26,3868.382,4452.5905,5634.0366,3136.8446
2025-08-27,3800.3499,4386.1266,5532.4293,3078.3463
2025-08-28,3843.5974,4463.782,5544.1885,3081.8099
2025-08-29,3857.9274,4496.7591,5538.0382,3060.5874
2025-09-01,3875.5304,4523.7111,5524.751,3045.7992
2025-09-02,3858.1334,4490.4528,5542.1747,3061.6718
2025-09-03,3813.5566,4459.8296,5495.4712,3030.8781
2025-09-04,3765.8759,4365.2085,5493.0759,3047.666
2025-09-05,3812.5143,4460.3249,5510.0368,3039.4545
2025-09-08,3826.8407,4467.5733,5552.5865,3043.8671
2025-09-09,3807.2923,4436.2584,5565.0272,3047.9373
2025-09-10,3812.2212,4445.3649,5537.7853,3042.6582
2025-09-11,3875.3094,4548.0345,5559.8135,3050.6956
2025-09-12,3870.5984,4521.998,5529.9497,3030.9107
2025-09-15,3860.5036,4533.0557,5511.138,3018.2021
2025-09-16,3861.8651,4523.3367,5508.9665,3010.1606
2025-09-17,3876.3409,4551.023,5522.2891,3020.5472
2025-09-18,3831.6562,4498.109,5424.126,2966.482
2025-09-19,3820.0894,4501.9195,5468.7315,2987.027
2025-09-22,3828.5764,4522.608,5434.0415,2962.0306
2025-09-23,3821.8327,4519.7781,5454.0584,2983.0418
2025-09-24,3853.6422,4566.0708,5467.0362,2986.4545
2025-09-25,3853.3021,4593.4875,5440.5069,2967.0744
2025-09-26,3828.106,4550.0487,5455.0131,2969.729
2025-09-29,3862.5317,4620.0528,5474.3919,2960.9643
2025-09-30,3882.7774,4640.6935,5461.0845,2952.831
2025-10-09,3933.9724,4709.482,5502.3826,2971.8795
2025-10-10,3897.0281,4616.8341,5559.0517,3005.7564
2025-10-13,3889.5022,4593.9785,5534.3194,3006.4781
2025-10-14,3865.2289,4539.0644,5596.2901,3070.4579
2025-10-15,3912.2095,4606.2879,5620.1955,3073.7463
2025-10-16,3916.228,4618.4218,5639.6007,3105.3651
2025-10-17,3839.7553,4514.2345,5596.3198,3094.7442
2025-10-20,3863.8926,4538.2201,5637.9361,3118.0728
2025-10-21,3916.3322,4607.8715,5640.3589,3111.6824
2025-10-22,3913.7576,4592.57,5645.9038,3116.2493
2025-10-23,3922.4101,4606.3447,5691.9018,3141.5072
2025-10-24,3950.3115,4660.6835,5655.0767,3116.772
2025-10-27,3996.9445,4716.0186,5681.4978,3128.6054
2025-10-28,3988.2239,4691.973,5651.6502,3123.6532
2025-10-29,4016.331,4747.8378,5653.7533,3108.0738
2025-10-30,3986.9008,4709.911,5630.5531,3103.7126
2025-10-31,3954.79,4640.6676,5627.6697,3096.8577
2025-11-03,3976.5207,4653.4028,5678.4308,3141.0164
2025-11-04,3960.186,4618.699,5699.4485,3167.2051
2025-11-05,3969.2483,4627.257,5723.3919,3176.5666
2025-11-06,4007.7599,4693.4032,5745.9004,3183.007
2025-11-07,3997.5557,4678.7944,5752.944,3185.0452
2025-11-10,4018.5972,4695.0507,5795.3924,3209.2955
2025-11-11,4002.7576,4652.1655,5782.5897,3200.8507
2025-11-12,4000.1396,4645.9079,5786.4201,3209.3608
2025-11-13,4029.5012,4702.0738,5801.9877,3216.28
2025-11-14,3990.4921,4628.1398,5767.5602,3197.5843
2025-11-17,3972.0348,4598.0525,5739.3217,3185.6823
2025-11-18,3939.8131,4568.1928,5659.7759,3140.6294
2025-11-19,3946.7424,4588.2922,5668.6614,3155.2239
2025-11-20,3931.0512,4564.9483,5656.0404,3151.7667
2025-11-21,3834.8908,4453.6076,5554.5184,3103.7414
2025-11-24,3836.7655,4448.0478,5527.1668,3078.9853
2025-11-25,3870.0228,4490.4047,5554.2173,3093.5532
2025-11-26,3864.1844,4517.6255,5530.7929,3077.604
2025-11-27,3875.2594,4515.4027,5539.999,3082.9971
2025-11-28,3888.5962,4526.6616,5545.8415,3083.8672
2025-12-01,3914.0061,4576.4856,5591.822,3098.894
2025-12-02,3897.7116,4554.3347,5584.8627,3103.3466
2025-12-03,3877.9996,4531.0486,5573.9,3095.4609
2025-12-04,3875.7933,4546.5664,5552.9572,3082.6061
2025-12-05,3902.8076,4584.5368,5557.9653,3079.6247
2025-12-08,3924.0778,4621.7545,5527.4237,3062.8356
2025-12-09,3909.5216,4598.2232,5476.8405,3039.2021
2025-12-10,3900.496,4591.8273,5481.5776,3027.927
2025-12-11,3873.3176,4552.1848,5435.6228,3006.0346
2025-12-12,3889.3457,4580.95,5426.7244,2998.5238
2025-12-15,3867.9209,4552.0596,5457.0324,3020.9742
2025-12-16,3824.8119,4497.5545,5414.3168,2994.3911
2025-12-17,3870.2775,4579.875,5429.6808,2998.6109
2025-12-18,3876.3705,4552.7926,5473.7057,3033.8675
2025-12-19,3890.4475,4568.1781,5483.3469,3028.6864
2025-12-22,3917.3638,4611.6235,5458.2256,3015.1661
2025-12-23,3919.9786,4620.7341,5459.1338,3019.2154
2025-12-24,3940.947,4634.0586,5472.2364,3021.6287
2025-12-25,3959.6211,4642.5357,5486.4444,3029.1816
2025-12-26,3963.6789,4657.24,5513.7509,3040.8094
2025-12-29,3965.2796,4639.3721,5501.7422,3045.3442
2025-12-30,3965.1159,4651.2818,5499.2122,3043.1537
2025-12-31,3968.8401,4629.9395,5503.9812,3037.6183
2026-01-05,4023.4167,4717.7457,5525.1164,3036.4013
2026-01-06,4083.6672,4790.6938,5591.0408,3071.851
2026-01-07,4085.7723,4776.6658,5592.9103,3085.8303
2026-01-08,4082.9788,4737.6536,5574.5975,3079.5218
2026-01-09,4120.426,4758.9221,5592.677,3090.0347
2026-01-12,4165.287,4789.9155,5611.1655,3088.7676
2026-01-13,4138.7585,4761.0324,5591.9684,3083.5518
2026-01-14,4126.0932,4741.9306,5552.3081,3054.0753
2026-01-15,4112.6012,4751.4293,5541.7041,3044.132
2026-01-16,4101.9127,4731.8728,5493.3899,3018.8201
2026-01-19,4114.0001,4734.4556,5538.8923,3034.7579
2026-01-20,4113.649,4718.8782,5611.8413,3069.9208
2026-01-21,4116.94,4723.0692,5577.5405,3053.1804
2026-01-22,4122.576,4723.7091,5618.1484,3073.6471
2026-01-23,4136.1642,4702.4966,5611.477,3060.6807
2026-01-26,4132.6052,4706.964,5648.09,3098.9118
2026-01-27,4139.9041,4705.6918,5599.9241,3071.475
2026-01-28,4151.2378,4717.9914,5687.3191,3128.6833
2026-01-29,4157.9845,4753.8697,5757.6384,3164.8312
2026-01-30,4117.9476,4706.3401,5700.0072,3138.4215
2026-02-02,4015.7464,4605.9799,5521.8717,3040.1539
2026-02-03,4067.7379,4660.1074,5563.8039,3047.2719
2026-02-04,4102.202,4698.6832,5712.025,3141.0745
2026-02-05,4075.9167,4670.4188,5686.5133,3128.0029
2026-02-06,4065.5834,4643.5959,5671.1173,3117.5378
2026-02-09,4123.0897,4719.0559,5709.0636,3136.3142
2026-02-10,4128.3731,4724.2956,5730.0051,3149.8756
2026-02-11,4131.985,4713.8185,5770.1328,3178.2002
2026-02-12,4134.0178,4719.578,5751.6415,3172.2376
2026-02-13,4082.0726,4660.4056,5668.2221,3125.7796
2026-02-24,4117.4089,4707.544,5754.4118,3183.8881
2026-02-25,4147.2305,4735.8858,5785.569,3191.9568
2026-02-26,4146.6311,4726.8739,5768.9179,3189.3272
2026-02-27,4162.8815,4710.6469,5826.709,3226.7547
2026-03-02,4182.5909,4728.6688,5905.2525,3297.595
2026-03-03,4122.676,4655.8962,5952.0941,3357.6704
2026-03-04,4082.474,4602.6247,5856.1523,3298.4417
2026-03-05,4108.567,4647.6921,5849.5206,3286.2846
2026-03-06,4124.194,4660.439,5860.5058,3277.5515
2026-03-09,4096.6023,4615.4551,5864.5076,3304.6686
2026-03-10,4123.138,4674.7562,5820.4882,3258.5151
2026-03-11,4133.4331,4704.4959,5905.1798,3308.2928
2026-03-12,4129.1026,4687.5601,5976.5321,3377.0263
2026-03-13,4095.4485,4669.14,5954.4609,3359.1211
2026-03-16,4084.7858,4671.5591,5912.3653,3327.3132
2026-03-17,4049.9073,4637.4392,5868.4806,3304.6822
2026-03-18,4062.9844,4658.3324,5833.4001,3289.9837
2026-03-19,4006.5523,4583.2511,5799.1901,3299.5739
2026-03-20,3957.0527,4567.0179,5772.6458,3294.3298
2026-03-23,3813.2829,4417.9971,5626.1198,3234.5272
2026-03-24,3881.2797,4474.7224,5712.7877,3265.3579
2026-03-25,3931.8375,4537.4656,5726.7812,3248.7446
2026-03-26,3889.0835,4477.5343,5729.3351,3262.89
2026-03-27,3913.7238,4502.5698,5742.4535,3258.0852
2026-03-30,3923.2869,4491.95,5795.5141,3289.8576
2026-03-31,3891.8605,4450.0493,5727.8494,3240.6117
2026-04-01,3948.5521,4526.0668,5731.251,3232.4644
2026-04-02,3919.2852,4478.9141,5744.6375,3253.5273
2026-04-03,3880.0967,4440.7889,5649.4273,3206.2426
2026-04-07,3890.1645,4440.6162,5677.9813,3223.8483
2026-04-08,3994.9975,4595.556,5723.6461,3221.3072
2026-04-09,3966.1712,4566.2237,5680.3388,3204.5385
2026-04-10,3986.2247,4636.5655,5692.53,3210.9459
2026-04-13,3988.558,4646.1546,5688.0892,3218.3447
2026-04-14,4026.6256,4701.2837,5700.236,3218.2654
2026-04-15,4027.2095,4685.2464,5720.5908,3230.9863
2026-04-16,4055.5468,4736.6077,5734.5086,3237.2525
2026-04-17,4051.4254,4728.6716,5695.3235,3214.5073
2026-04-20,4082.1271,4757.4419,5702.5138,3219.1053
2026-04-21,4085.0766,4767.997,5752.8395,3261.2086
2026-04-22,4106.2581,4799.627,5752.3753,3261.7024
2026-04-23,4093.2501,4786.3273,5781.3231,3284.395
2026-04-24,4079.9004,4769.3688,5776.3372,3274.3207
2026-04-27,4086.3442,4770.9469,5763.8706,3267.9896
2026-04-28,4078.6374,4758.2083,5828.8751,3321.6164
2026-04-29,4107.5144,4810.3468,5884.2729,3345.0018
2026-04-30,4112.1593,4807.3069,5865.0714,3335.0049
2026-05-06,4160.1737,4877.0932,5881.8356,3333.9387
2026-05-07,4180.0922,4900.5098,5787.1972,3267.4657
2026-05-08,4179.9524,4871.9122,5767.6711,3254.1415
2026-05-11,4225.0207,4951.8366,5783.4605,3253.2153
2026-05-12,4214.4891,4948.0465,5774.7235,3247.7453
2026-05-13,4242.572,4998.3417,5748.0787,3231.4743
2026-05-14,4177.9175,4914.5971,5694.3058,3205.7284
2026-05-15,4135.3894,4859.5927,5680.3708,3210.3563
2026-05-18,4131.5276,4833.5237,5654.2014,3204.088
2026-05-19,4169.5378,4852.8832,5662.3624,3209.0427
2026-05-20,4162.1845,4850.7,5643.5763,3199.0822
2026-05-21,4077.2765,4783.0976,5554.6741,3153.4318
2026-05-22,4112.8996,4845.0956,5545.1377,3141.3714
2026-05-25,4152.5686,4921.5974,5572.2261,3173.2037
2026-05-26,4145.373,4947.8493,5577.2612,3171.2214
2026-05-27,4093.7266,4908.1714,5527.1603,3153.3383
2026-05-28,4098.6358,4914.2133,5513.8769,3150.5952
2026-05-29,4068.5691,4892.1213,5578.6947,3185.2906
2026-06-01,4057.74,4844.2556,5726.102,3293.3988
2026-06-02,4075.1016,4914.5591,5708.5511,3291.7559
2026-06-03,4083.974,4938.8091,5706.4679,3306.6516
2026-06-04,4057.7811,4904.7454,5681.5155,3307.1138
2026-06-05,4027.7362,4816.9199,5683.8457,3302.1871
2026-06-08,3959.3378,4713.6358,5633.6247,3284.7469
2026-06-09,4010.0307,4801.8106,5629.9739,3268.0
2026-06-10,3993.2258,4748.5932,5588.9842,3239.8411
2026-06-11,3987.0147,4722.4122,5566.7432,3236.5786
2026-06-12,4031.5129,4777.3206,5649.5033,3279.0987
2026-06-15,4096.4717,4891.7126,5590.6994,3224.4866
2026-06-16,4091.8917,4884.2322,5493.6702,3169.0142
2026-06-17,4108.0762,4931.3861,5434.1544,3124.9733
2026-06-18,4090.4813,4941.5986,5316.6517,3051.0868
2026-06-22,4163.0965,5059.6582,5373.3271,3086.5912
2026-06-23,4106.2517,4919.386,5342.6871,3066.9119
2026-06-24,4110.8134,4943.0197,5262.823,3004.7632
2026-06-25,4120.2806,5020.1038,5198.5078,2960.3814
2026-06-26,4027.2648,4868.2205,5085.7304,2894.8991
2026-06-29,4073.9017,4926.921,5120.7122,2924.2745
2026-06-30,4094.3972,4979.4328,5022.4598,2855.4885
2026-07-01,4112.4453,4958.9773,5108.2124,2906.1427
2026-07-02,4028.9038,4812.2957,5154.9399,2939.7925
2026-07-03,4043.6432,4842.1737,5207.4591,2967.6242
2026-07-06,4041.2382,4841.998,5314.9215,3030.7234
2026-07-07,3990.2353,4792.2624,5239.3719,2987.2006
2026-07-08,3970.8797,4755.5338,5264.7879,3022.2526
2026-07-09,4036.5879,4876.3125,5200.4369,2983.9836
2026-07-10,3996.1616,4780.7867,5184.0974,2979.0994
2026-07-13,3913.794,4695.383,5198.1145,2995.3496
2026-07-14,3967.1262,4796.502,5307.4975,3071.899
2026-07-15,3955.5781,4786.7828,5378.8412,3115.387
2026-07-16,3882.4126,4698.4344,5321.0747,3074.2907
2026-07-17,3764.1547,4529.0953,5281.8147,3059.9146
2026-07-20,3796.2814,4598.3208,5450.5115,3174.0973
2026-07-21,3864.3671,4739.2287,5391.0897,3129.306
2026-07-22,3867.0336,4717.2442,5452.5882,3178.0411
2026-07-23,3876.7774,4728.0018,5505.6897,3205.6045
2026-07-24,3814.1978,4649.1917,5404.2835,3140.4466
2026-07-27,3858.245,4702.4272,5433.9958,3152.4527
2026-07-28,3813.3146,4569.5235,5437.9221,3151.4945
2026-07-29,3828.469,4600.2624,5519.1242,3190.9966
2026-07-30,3804.6926,4549.7201,5579.5974,3227.272
2026-07-31,3832.2624,4588.1968,5569.4095,3220.6835
2026-08-03,3809.6629,4543.1781,5549.1553,3198.0887
2026-08-04,3822.2846,4600.9304,5459.3401,3148.8141
2026-08-05,3878.4296,4658.1549,5447.9752,3141.4572
2026-08-06,3900.3523,4651.3098,5513.6663,3200.1151
2026-08-07,3940.0371,4694.4365,5506.753,3197.7115
2026-08-10,3966.5935,4702.0247,5561.232,3233.9016
2026-08-11,3934.0929,4663.7887,5531.3096,3223.7647
2026-08-12,3946.6752,4690.9165,5513.6822,3212.3586
2026-08-13,3926.9648,4663.9513,5464.4234,3187.4579
2026-08-14,3927.1764,4665.8812,5478.3945,3206.9825
